mc	mn	quarterbeats	quarterbeats_all_endings	duration_qb	mc_onset	mn_onset	event	timesig	staff	voice	duration	nominal_duration	scalar	chord_id	dynamics	articulation	staff_text	tempo	qpm	metronome_base	metronome_number	tempo_visible	slur	Ottava:8va	decrescendo_hairpin	crescendo_hairpin	TextLine
1	1	0	0	0.0	0	0	Tempo	6/8	1	1	0								10.0			0.0					
1	1	0	0	0.0	0	0	StaffText	6/8	1	1	0						"<font size=""12""/><b>Rubato</b>"										
1	1	2	2	0.5	1/2	1/2	Chord	6/8	1	1	1/8	1/8	1	0													
1	1	2157/1024	2157/1024	0.0	2157/4096	2157/4096	StaffText	6/8	1	1	0						<i>sostenuto accel.</i>										
1	1	1095/512	1095/512	0.0	1095/2048	1095/2048	Dynamic	6/8	1	1	0				p												
1	1	5/2	5/2	0.0	5/8	5/8	StaffText	6/8	1	1	0						<i>molto espress.</i>										
1	1	5/2	5/2	0.5	5/8	5/8	Chord	6/8	1	1	1/8	1/8	1	1													
1	1	3	3	0.5	3/4	3/4	Chord	6/8	1	1	1/8	1/8	1	2													
1	1	7/2	7/2	0.25	7/8	7/8	Chord	6/8	1	1	1/16	1/16	1	3													
1	1	15/4	15/4	0.25	15/16	15/16	Chord	6/8	1	1	1/16	1/16	1	4													
1	1	4	4	0.25	1	1	Chord	6/8	1	1	1/16	1/16	1	5													
1	1	17/4	17/4	0.25	17/16	17/16	Chord	6/8	1	1	1/16	1/16	1	6													
1	1	9/2	9/2	0.0	9/8	9/8	Spanner	6/8	1	1	0															0	
1	1	9/2	9/2	0.25	9/8	9/8	Chord	6/8	1	1	1/16	1/16	1	7												0	
1	1	19/4	19/4	0.25	19/16	19/16	Chord	6/8	1	1	1/16	1/16	1	8												0	
1	1	5	5	0.25	5/4	5/4	Chord	6/8	1	1	1/16	1/16	1	9												0	
1	1	21/4	21/4	0.125	21/16	21/16	Chord	6/8	1	1	1/32	1/32	1	10												0	
1	1	43/8	43/8	0.125	43/32	43/32	Chord	6/8	1	1	1/32	1/32	1	11												0	
1	1	11/2	11/2	0.125	11/8	11/8	Chord	6/8	1	1	1/32	1/32	1	12												0	
1	1	45/8	45/8	0.125	45/32	45/32	Chord	6/8	1	1	1/32	1/32	1	13												0	
1	1	23/4	23/4	0.125	23/16	23/16	Chord	6/8	1	1	1/32	1/32	1	14												0	
1	1	47/8	47/8	0.125	47/32	47/32	Chord	6/8	1	1	1/32	1/32	1	15												0	
1	1	6	6	0.125	3/2	3/2	Chord	6/8	1	1	1/32	1/32	1	16												0	
1	1	49/8	49/8	0.0625	49/32	49/32	Chord	6/8	1	1	1/64	1/64	1	17												0	
1	1	99/16	99/16	0.0625	99/64	99/64	Chord	6/8	1	1	1/64	1/64	1	18												0	
1	1	25/4	25/4	0.0625	25/16	25/16	Chord	6/8	1	1	1/64	1/64	1	19												0	
1	1	101/16	101/16	0.0625	101/64	101/64	Chord	6/8	1	1	1/64	1/64	1	20												0	
1	1	51/8	51/8	0.0625	51/32	51/32	Chord	6/8	1	1	1/64	1/64	1	21												0	
1	1	103/16	103/16	0.0625	103/64	103/64	Chord	6/8	1	1	1/64	1/64	1	22												0	
1	1	13/2	13/2	0.03125	13/8	13/8	Chord	6/8	1	1	1/128	1/128	1	23												0	
1	1	209/32	209/32	0.03125	209/128	209/128	Chord	6/8	1	1	1/128	1/128	1	24												0	
1	1	105/16	105/16	0.03125	105/64	105/64	Chord	6/8	1	1	1/128	1/128	1	25												0	
1	1	211/32	211/32	0.0	211/128	211/128	Spanner	6/8	1	1	0																
1	1	0	0	4.0	0	0	Chord	6/8	2	1	1	1	1	26		articAccentBelow											
2	2	53/8	53/8	0.0	0	0	Tempo	6/8	1	1	0							ùÖ†=72	36.0	ùÖ†	72.0	0.0					
2	2	53/8	53/8	0.0	0	0	Spanner	6/8	1	1	0														0		
2	2	53/8	53/8	0.75	0	0	Chord	6/8	1	1	3/16	1/8	3/2	27									0		0		
2	2	59/8	59/8	0.25	3/16	3/16	Chord	6/8	1	1	1/16	1/16	1	28									0		0		
2	2	61/8	61/8	0.5	1/4	1/4	Chord	6/8	1	1	1/8	1/8	1	29		articAccentBelow							0		0		
2	2	65/8	65/8	1.0	3/8	3/8	Chord	6/8	1	1	1/4	1/4	1	30									0		0		
2	2	73/8	73/8	0.5	5/8	5/8	Chord	6/8	1	1	1/8	1/8	1	31											0		
2	2	53/8	53/8	0.0	0	0	Dynamic	6/8	2	1	0				p												
2	2	53/8	53/8	1.5	0	0	Chord	6/8	2	1	3/8	1/4	3/2	32													
2	2	65/8	65/8	1.5	3/8	3/8	Chord	6/8	2	1	3/8	1/4	3/2	33									1				
3	3	77/8	77/8	0.0	0	0	Spanner	5/8	1	1	0																
3	3	77/8	77/8	1.5	0	0	Chord	5/8	1	1	3/8	1/4	3/2	34		articAccentAbove							2				
3	3	89/8	89/8	1.0	3/8	3/8	Chord	5/8	1	1	1/4	1/4	1	35									2				
3	3	77/8	77/8	1.5	0	0	Chord	5/8	1	2	3/8	1/4	3/2	36													
3	3	89/8	89/8	0.5	3/8	3/8	Chord	5/8	1	2	1/8	1/8	1	37													
3	3	93/8	93/8	0.5	1/2	1/2	Chord	5/8	1	2	1/8	1/8	1	38													
3	3	77/8	77/8	0.0	0	0	Dynamic	5/8	2	1	0				pp												
3	3	77/8	77/8	0.75	0	0	Chord	5/8	2	1	3/16	1/8	3/2	39													
3	3	83/8	83/8	0.0	3/16	3/16	Spanner	5/8	2	1	0															1	
3	3	83/8	83/8	0.05	3/16	3/16	Chord	5/8	2	1	1/80	1/32	2/5	40									3			1	
3	3	417/40	417/40	0.05	1/5	1/5	Chord	5/8	2	1	1/80	1/32	2/5	41									3			1	
3	3	419/40	419/40	0.05	17/80	17/80	Chord	5/8	2	1	1/80	1/32	2/5	42									3			1	
3	3	421/40	421/40	0.05	9/40	9/40	Chord	5/8	2	1	1/80	1/32	2/5	43									3			1	
3	3	423/40	423/40	0.05	19/80	19/80	Chord	5/8	2	1	1/80	1/32	2/5	44									3			1	
3	3	85/8	85/8	0.0	1/4	1/4	Spanner	5/8	2	1	0																
3	3	85/8	85/8	0.5	1/4	1/4	Chord	5/8	2	1	1/8	1/8	1	45		articAccentBelow											
3	3	89/8	89/8	0.25	3/8	3/8	Chord	5/8	2	1	1/16	1/16	1	46													
3	3	91/8	91/8	0.05	7/16	7/16	Chord	5/8	2	1	1/80	1/32	2/5	47									4				
3	3	457/40	457/40	0.05	9/20	9/20	Chord	5/8	2	1	1/80	1/32	2/5	48									4				
3	3	459/40	459/40	0.05	37/80	37/80	Chord	5/8	2	1	1/80	1/32	2/5	49									4				
3	3	461/40	461/40	0.05	19/40	19/40	Chord	5/8	2	1	1/80	1/32	2/5	50									4				
3	3	463/40	463/40	0.05	39/80	39/80	Chord	5/8	2	1	1/80	1/32	2/5	51									4				
3	3	93/8	93/8	0.5	1/2	1/2	Chord	5/8	2	1	1/8	1/8	1	52		articAccentBelow											
4	4	97/8	97/8	0.0	0	0	Spanner	3/8	1	1	0												2		1		
4	4	97/8	97/8	0.75	0	0	Chord	3/8	1	1	3/16	1/8	3/2	53									2		1		
4	4	103/8	103/8	0.25	3/16	3/16	Chord	3/8	1	1	1/16	1/16	1	54									2		1		
4	4	105/8	105/8	0.0	1/4	1/4	Dynamic	3/8	1	1	0				ppp												
4	4	105/8	105/8	0.0	1/4	1/4	Spanner	3/8	1	1	0																
4	4	105/8	105/8	0.5	1/4	1/4	Chord	3/8	1	1	1/8	1/8	1	55													
4	4	97/8	97/8	1.5	0	0	Chord	3/8	1	2	3/8	1/4	3/2	56													
4	4	97/8	97/8	1.5	0	0	Chord	3/8	2	1	3/8	1/4	3/2	57													
5	5	125/8	125/8	0.0	1/2	1/2	StaffText	3/8	1	1	0						<i>sostenuto accel.</i>										
5	5	125/8	125/8	0.0	1/2	1/2	Dynamic	3/8	1	1	0				p												
5	5	125/8	125/8	0.5	1/2	1/2	Chord	3/8	1	1	1/8	1/8	1	58													
5	5	129/8	129/8	0.0	5/8	5/8	StaffText	3/8	1	1	0						<i>molto espress.</i>										
5	5	129/8	129/8	0.5	5/8	5/8	Chord	3/8	1	1	1/8	1/8	1	59													
5	5	133/8	133/8	0.5	3/4	3/4	Chord	3/8	1	1	1/8	1/8	1	60													
5	5	137/8	137/8	0.5	7/8	7/8	Chord	3/8	1	1	1/8	1/8	1	61													
5	5	141/8	141/8	0.25	1	1	Chord	3/8	1	1	1/16	1/16	1	62													
5	5	143/8	143/8	0.25	17/16	17/16	Chord	3/8	1	1	1/16	1/16	1	63													
5	5	145/8	145/8	0.25	9/8	9/8	Chord	3/8	1	1	1/16	1/16	1	64													
5	5	147/8	147/8	0.25	19/16	19/16	Chord	3/8	1	1	1/16	1/16	1	65													
5	5	149/8	149/8	0.25	5/4	5/4	Chord	3/8	1	1	1/16	1/16	1	66													
5	5	151/8	151/8	0.25	21/16	21/16	Chord	3/8	1	1	1/16	1/16	1	67													
5	5	153/8	153/8	0.0	11/8	11/8	Spanner	3/8	1	1	0															2	
5	5	153/8	153/8	0.125	11/8	11/8	Chord	3/8	1	1	1/32	1/32	1	68												2	
5	5	77/4	77/4	0.125	45/32	45/32	Chord	3/8	1	1	1/32	1/32	1	69												2	
5	5	155/8	155/8	0.125	23/16	23/16	Chord	3/8	1	1	1/32	1/32	1	70												2	
5	5	39/2	39/2	0.125	47/32	47/32	Chord	3/8	1	1	1/32	1/32	1	71												2	
5	5	157/8	157/8	0.125	3/2	3/2	Chord	3/8	1	1	1/32	1/32	1	72												2	
5	5	79/4	79/4	0.125	49/32	49/32	Chord	3/8	1	1	1/32	1/32	1	73												2	
5	5	159/8	159/8	0.0625	25/16	25/16	Chord	3/8	1	1	1/64	1/64	1	74												2	
5	5	319/16	319/16	0.0625	101/64	101/64	Chord	3/8	1	1	1/64	1/64	1	75												2	
5	5	20	20	0.0625	51/32	51/32	Chord	3/8	1	1	1/64	1/64	1	76												2	
5	5	321/16	321/16	0.03125	103/64	103/64	Chord	3/8	1	1	1/128	1/128	1	77												2	
5	5	643/32	643/32	0.03125	207/128	207/128	Chord	3/8	1	1	1/128	1/128	1	78												2	
5	5	161/8	161/8	0.03125	13/8	13/8	Chord	3/8	1	1	1/128	1/128	1	79												2	
5	5	645/32	645/32	0.03125	209/128	209/128	Chord	3/8	1	1	1/128	1/128	1	80												2	
5	5	323/16	323/16	0.03125	105/64	105/64	Chord	3/8	1	1	1/128	1/128	1	81												2	
5	5	647/32	647/32	0.0	211/128	211/128	Spanner	3/8	1	1	0																
5	5	109/8	109/8	4.0	0	0	Chord	3/8	2	1	1	1	1	82		articMarcatoBelow											
6	6	81/4	81/4	0.0	0	0	Tempo	9/8	1	1	0							ùÖ†=92	46.0	ùÖ†	92.0	1.0					
6	6	81/4	81/4	0.0	0	0	Dynamic	9/8	1	1	0				mf												
6	6	81/4	81/4	0.75	0	0	Chord	9/8	1	1	3/16	1/8	3/2	83													
6	6	21	21	0.0	3/16	3/16	Spanner	9/8	1	1	0														2		
6	6	21	21	0.25	3/16	3/16	Chord	9/8	1	1	1/16	1/16	1	84									5		2		
6	6	85/4	85/4	0.5	1/4	1/4	Chord	9/8	1	1	1/8	1/8	1	85		articAccentAbove							5		2		
6	6	87/4	87/4	0.75	3/8	3/8	Chord	9/8	1	1	3/16	1/8	3/2	86									5		2		
6	6	45/2	45/2	0.25	9/16	9/16	Chord	9/8	1	1	1/16	1/16	1	87									5		2		
6	6	91/4	91/4	0.5	5/8	5/8	Chord	9/8	1	1	1/8	1/8	1	88		articAccentBelow							5		2		
6	6	93/4	93/4	0.0	3/4	3/4	Spanner	9/8	1	1	0																
6	6	93/4	93/4	1.0	3/4	3/4	Chord	9/8	1	1	1/4	1/4	1	89													
6	6	97/4	97/4	0.5	1	1	Chord	9/8	1	1	1/8	1/8	1	90									6				
6	6	81/4	81/4	1.5	0	0	Chord	9/8	2	1	3/8	1/4	3/2	91													
6	6	87/4	87/4	1.5	3/8	3/8	Chord	9/8	2	1	3/8	1/4	3/2	92													
6	6	93/4	93/4	1.5	3/4	3/4	Chord	9/8	2	1	3/8	1/4	3/2	93													
6	6	93/4	93/4	1.0	3/4	3/4	Chord	9/8	2	3	1/4	1/4	1	94													
6	6	97/4	97/4	0.5	1	1	Chord	9/8	2	3	1/8	1/8	1	95									7				
7	7	99/4	99/4	0.0	0	0	Tempo	9/8	1	1	0							ùÖ†=80	40.0	ùÖ†	80.0	1.0	6				
7	7	99/4	99/4	1.0	0	0	Chord	9/8	1	1	1/4	1/4	1	96									6				
7	7	103/4	103/4	0.5	1/4	1/4	Chord	9/8	1	1	1/8	1/8	1	97													
7	7	99/4	99/4	1.5	0	0	Chord	9/8	1	3	3/8	1/4	3/2	98													
7	7	99/4	99/4	1.5	0	0	Chord	9/8	2	1	3/8	1/4	3/2	99													
7	7	105/4	105/4	1.0	3/8	3/8	Chord	9/8	2	1	1/4	1/4	1	100		articAccentBelow							8				
7	7	109/4	109/4	0.25	5/8	5/8	Chord	9/8	2	1	1/16	1/16	1	101									8				
7	7	55/2	55/2	0.0625	11/16	11/16	Chord	9/8	2	1	1/64	1/64	1	102									8				
7	7	441/16	441/16	0.0625	45/64	45/64	Chord	9/8	2	1	1/64	1/64	1	103									8				
7	7	221/8	221/8	0.041666666666666664	23/32	23/32	Chord	9/8	2	1	1/96	1/64	2/3	104									8				
7	7	83/3	83/3	0.041666666666666664	35/48	35/48	Chord	9/8	2	1	1/96	1/64	2/3	105									8				
7	7	665/24	665/24	0.041666666666666664	71/96	71/96	Chord	9/8	2	1	1/96	1/64	2/3	106													
7	7	111/4	111/4	0.0	3/4	3/4	Dynamic	9/8	2	1	0				pp												
7	7	111/4	111/4	1.0	3/4	3/4	Chord	9/8	2	1	1/4	1/4	1	107									9				
7	7	115/4	115/4	0.16666666666666666	1	1	Chord	9/8	2	1	1/24	1/16	2/3	108									9				
7	7	347/12	347/12	0.16666666666666666	25/24	25/24	Chord	9/8	2	1	1/24	1/16	2/3	109		articStaccatoAbove							9				
7	7	349/12	349/12	0.16666666666666666	13/12	13/12	Chord	9/8	2	1	1/24	1/16	2/3	110		articStaccatoAbove							9				
8	8	117/4	117/4	0.0	0	0	StaffText	3/8	2	1	0						<i>calando</i>						9				
8	8	117/4	117/4	0.0	0	0	Spanner	3/8	2	1	0												9		3		
8	8	117/4	117/4	0.125	0	0	Chord	3/8	2	1	1/32	1/32	1	111									9		3		
8	8	235/8	235/8	0.125	1/32	1/32	Chord	3/8	2	1	1/32	1/32	1	112									9		3		
8	8	59/2	59/2	0.125	1/16	1/16	Chord	3/8	2	1	1/32	1/32	1	113									9		3		
8	8	237/8	237/8	0.125	3/32	3/32	Chord	3/8	2	1	1/32	1/32	1	114											3		
8	8	119/4	119/4	0.0	1/8	1/8	Spanner	3/8	2	1	0																
9	9	123/4	123/4	0.0	0	0	Tempo	9/8	1	1	0							Pocopi√πmossoùÖ†=50	25.0	Pocopi√πmossoùÖ†	50.0	1.0					
9	9	133/4	133/4	0.0	5/8	5/8	Dynamic	9/8	1	1	0				mf												
9	9	133/4	133/4	0.07142857142857142	5/8	5/8	Chord	9/8	1	1	1/56	1/64	8/7	115									10				
9	9	933/28	933/28	0.0	9/14	9/14	Spanner	9/8	1	1	0												10			3	
9	9	933/28	933/28	0.07142857142857142	9/14	9/14	Chord	9/8	1	1	1/56	1/64	8/7	116									10			3	
9	9	935/28	935/28	0.07142857142857142	37/56	37/56	Chord	9/8	1	1	1/56	1/64	8/7	117									10			3	
9	9	937/28	937/28	0.07142857142857142	19/28	19/28	Chord	9/8	1	1	1/56	1/64	8/7	118									10			3	
9	9	939/28	939/28	0.07142857142857142	39/56	39/56	Chord	9/8	1	1	1/56	1/64	8/7	119									10			3	
9	9	941/28	941/28	0.07142857142857142	5/7	5/7	Chord	9/8	1	1	1/56	1/64	8/7	120									10			3	
9	9	943/28	943/28	0.07142857142857142	41/56	41/56	Chord	9/8	1	1	1/56	1/64	8/7	121									10			3	
9	9	135/4	135/4	0.0	3/4	3/4	Spanner	9/8	1	1	0												10				
9	9	135/4	135/4	1.0	3/4	3/4	Chord	9/8	1	1	1/4	1/4	1	122									10				
9	9	139/4	139/4	0.0	1	1	Spanner	9/8	1	1	0												10		4		
9	9	139/4	139/4	0.0625	1	1	Chord	9/8	1	1	1/64	1/64	1	123									10		4		
9	9	557/16	557/16	0.0625	65/64	65/64	Chord	9/8	1	1	1/64	1/64	1	124									10		4		
9	9	279/8	279/8	0.0625	33/32	33/32	Chord	9/8	1	1	1/64	1/64	1	125									10		4		
9	9	559/16	559/16	0.0625	67/64	67/64	Chord	9/8	1	1	1/64	1/64	1	126									10		4		
9	9	35	35	0.0625	17/16	17/16	Chord	9/8	1	1	1/64	1/64	1	127									10		4		
9	9	561/16	561/16	0.0625	69/64	69/64	Chord	9/8	1	1	1/64	1/64	1	128									10		4		
9	9	281/8	281/8	0.0625	35/32	35/32	Chord	9/8	1	1	1/64	1/64	1	129									10		4		
9	9	563/16	563/16	0.0	71/64	71/64	Spanner	9/8	1	1	0												10				
9	9	563/16	563/16	0.0625	71/64	71/64	Chord	9/8	1	1	1/64	1/64	1	130									10				
9	9	123/4	123/4	3.0	0	0	Chord	9/8	2	1	3/4	1/2	3/2	131													
9	9	135/4	135/4	1.5	3/4	3/4	Chord	9/8	2	1	3/8	1/4	3/2	132													
10	10	141/4	141/4	1.5	0	0	Chord	9/8	1	1	3/8	1/4	3/2	133		articAccentAbove							10				
10	10	147/4	147/4	1.0	3/8	3/8	Chord	9/8	1	1	1/4	1/4	1	134													
10	10	151/4	151/4	0.0	5/8	5/8	Spanner	9/8	1	1	0															4	
10	10	151/4	151/4	0.08333333333333333	5/8	5/8	Chord	9/8	1	1	1/48	1/64	4/3	135									11			4	
10	10	227/6	227/6	0.08333333333333333	31/48	31/48	Chord	9/8	1	1	1/48	1/64	4/3	136									11			4	
10	10	455/12	455/12	0.08333333333333333	2/3	2/3	Chord	9/8	1	1	1/48	1/64	4/3	137									11			4	
10	10	38	38	0.08333333333333333	11/16	11/16	Chord	9/8	1	1	1/48	1/64	4/3	138									11			4	
10	10	457/12	457/12	0.08333333333333333	17/24	17/24	Chord	9/8	1	1	1/48	1/64	4/3	139									11			4	
10	10	229/6	229/6	0.08333333333333333	35/48	35/48	Chord	9/8	1	1	1/48	1/64	4/3	140									11			4	
10	10	153/4	153/4	0.0	3/4	3/4	Spanner	9/8	1	1	0												11				
10	10	153/4	153/4	1.0	3/4	3/4	Chord	9/8	1	1	1/4	1/4	1	141									11				
10	10	157/4	157/4	0.0	1	1	Spanner	9/8	1	1	0												11		5		
10	10	157/4	157/4	0.0625	1	1	Chord	9/8	1	1	1/64	1/64	1	142									11		5		
10	10	629/16	629/16	0.0625	65/64	65/64	Chord	9/8	1	1	1/64	1/64	1	143									11		5		
10	10	315/8	315/8	0.0625	33/32	33/32	Chord	9/8	1	1	1/64	1/64	1	144									11		5		
10	10	631/16	631/16	0.0625	67/64	67/64	Chord	9/8	1	1	1/64	1/64	1	145									11		5		
10	10	79/2	79/2	0.0625	17/16	17/16	Chord	9/8	1	1	1/64	1/64	1	146									11		5		
10	10	633/16	633/16	0.0625	69/64	69/64	Chord	9/8	1	1	1/64	1/64	1	147									11		5		
10	10	317/8	317/8	0.0625	35/32	35/32	Chord	9/8	1	1	1/64	1/64	1	148									11		5		
10	10	635/16	635/16	0.0	71/64	71/64	Spanner	9/8	1	1	0												11				
10	10	635/16	635/16	0.0625	71/64	71/64	Chord	9/8	1	1	1/64	1/64	1	149									11				
10	10	141/4	141/4	3.0	0	0	Chord	9/8	2	1	3/4	1/2	3/2	150													
10	10	153/4	153/4	1.5	3/4	3/4	Chord	9/8	2	1	3/8	1/4	3/2	151													
11	11	159/4	159/4	1.5	0	0	Chord	9/8	1	1	3/8	1/4	3/2	152		articAccentAbove							11				
11	11	165/4	165/4	0.0	3/8	3/8	StaffText	9/8	1	1	0						"<font size=""12""/><i>pi√π </i>"										
11	11	165/4	165/4	0.0	3/8	3/8	Dynamic	9/8	1	1	0				p												
11	11	165/4	165/4	1.0	3/8	3/8	Chord	9/8	1	1	1/4	1/4	1	153													
11	11	169/4	169/4	0.08333333333333333	5/8	5/8	Chord	9/8	1	1	1/48	1/64	4/3	154									12				
11	11	127/3	127/3	0.0	31/48	31/48	Spanner	9/8	1	1	0												12			5	
11	11	127/3	127/3	0.08333333333333333	31/48	31/48	Chord	9/8	1	1	1/48	1/64	4/3	155									12			5	
11	11	509/12	509/12	0.08333333333333333	2/3	2/3	Chord	9/8	1	1	1/48	1/64	4/3	156									12			5	
11	11	85/2	85/2	0.08333333333333333	11/16	11/16	Chord	9/8	1	1	1/48	1/64	4/3	157									12			5	
11	11	511/12	511/12	0.08333333333333333	17/24	17/24	Chord	9/8	1	1	1/48	1/64	4/3	158									12			5	
11	11	128/3	128/3	0.08333333333333333	35/48	35/48	Chord	9/8	1	1	1/48	1/64	4/3	159									12			5	
11	11	171/4	171/4	0.0	3/4	3/4	Spanner	9/8	1	1	0												12				
11	11	171/4	171/4	1.0	3/4	3/4	Chord	9/8	1	1	1/4	1/4	1	160									12				
11	11	175/4	175/4	0.0	1	1	Spanner	9/8	1	1	0												12		6		
11	11	175/4	175/4	0.07142857142857142	1	1	Chord	9/8	1	1	1/56	1/64	8/7	161									12		6		
11	11	1227/28	1227/28	0.07142857142857142	57/56	57/56	Chord	9/8	1	1	1/56	1/64	8/7	162									12		6		
11	11	1229/28	1229/28	0.07142857142857142	29/28	29/28	Chord	9/8	1	1	1/56	1/64	8/7	163									12		6		
11	11	1231/28	1231/28	0.07142857142857142	59/56	59/56	Chord	9/8	1	1	1/56	1/64	8/7	164									12		6		
11	11	1233/28	1233/28	0.07142857142857142	15/14	15/14	Chord	9/8	1	1	1/56	1/64	8/7	165									12		6		
11	11	1235/28	1235/28	0.07142857142857142	61/56	61/56	Chord	9/8	1	1	1/56	1/64	8/7	166									12		6		
11	11	1237/28	1237/28	0.07142857142857142	31/28	31/28	Chord	9/8	1	1	1/56	1/64	8/7	167									12		6		
11	11	159/4	159/4	3.0	0	0	Chord	9/8	2	1	3/4	1/2	3/2	168													
11	11	171/4	171/4	1.5	3/4	3/4	Chord	9/8	2	1	3/8	1/4	3/2	169													
12	12	177/4	177/4	0.0	0	0	Spanner	9/8	1	1	0												12				
12	12	177/4	177/4	1.5	0	0	Chord	9/8	1	1	3/8	1/4	3/2	170		articAccentAbove							12				
12	12	183/4	183/4	1.0	3/8	3/8	Chord	9/8	1	1	1/4	1/4	1	171													
12	12	187/4	187/4	0.0	5/8	5/8	Spanner	9/8	1	1	0															6	
12	12	187/4	187/4	0.08333333333333333	5/8	5/8	Chord	9/8	1	1	1/48	1/64	4/3	172									13			6	
12	12	281/6	281/6	0.08333333333333333	31/48	31/48	Chord	9/8	1	1	1/48	1/64	4/3	173									13			6	
12	12	563/12	563/12	0.08333333333333333	2/3	2/3	Chord	9/8	1	1	1/48	1/64	4/3	174									13			6	
12	12	47	47	0.08333333333333333	11/16	11/16	Chord	9/8	1	1	1/48	1/64	4/3	175									13			6	
12	12	565/12	565/12	0.08333333333333333	17/24	17/24	Chord	9/8	1	1	1/48	1/64	4/3	176									13			6	
12	12	283/6	283/6	0.08333333333333333	35/48	35/48	Chord	9/8	1	1	1/48	1/64	4/3	177									13			6	
12	12	189/4	189/4	0.0	3/4	3/4	Spanner	9/8	1	1	0												13				
12	12	189/4	189/4	1.0	3/4	3/4	Chord	9/8	1	1	1/4	1/4	1	178									13				
12	12	193/4	193/4	0.0	1	1	Spanner	9/8	1	1	0												13		7		
12	12	193/4	193/4	0.07142857142857142	1	1	Chord	9/8	1	1	1/56	1/64	8/7	179									13		7		
12	12	1353/28	1353/28	0.07142857142857142	57/56	57/56	Chord	9/8	1	1	1/56	1/64	8/7	180									13		7		
12	12	1355/28	1355/28	0.07142857142857142	29/28	29/28	Chord	9/8	1	1	1/56	1/64	8/7	181									13		7		
12	12	1357/28	1357/28	0.07142857142857142	59/56	59/56	Chord	9/8	1	1	1/56	1/64	8/7	182									13		7		
12	12	1359/28	1359/28	0.07142857142857142	15/14	15/14	Chord	9/8	1	1	1/56	1/64	8/7	183									13		7		
12	12	1361/28	1361/28	0.07142857142857142	61/56	61/56	Chord	9/8	1	1	1/56	1/64	8/7	184									13		7		
12	12	1363/28	1363/28	0.07142857142857142	31/28	31/28	Chord	9/8	1	1	1/56	1/64	8/7	185									13		7		
12	12	177/4	177/4	3.0	0	0	Chord	9/8	2	1	3/4	1/2	3/2	186													
12	12	189/4	189/4	1.5	3/4	3/4	Chord	9/8	2	1	3/8	1/4	3/2	187													
13	13	195/4	195/4	0.0	0	0	Spanner	9/8	1	1	0																
13	13	195/4	195/4	0.5	0	0	Chord	9/8	1	1	1/8	1/8	1	188													
13	13	199/4	199/4	0.0	1/4	1/4	Dynamic	9/8	1	1	0				p												
13	13	199/4	199/4	0.08333333333333333	1/4	1/4	Chord	9/8	1	1	1/48	1/64	4/3	189									14				
13	13	299/6	299/6	0.0	13/48	13/48	Spanner	9/8	1	1	0												14			7	
13	13	299/6	299/6	0.08333333333333333	13/48	13/48	Chord	9/8	1	1	1/48	1/64	4/3	190									14			7	
13	13	599/12	599/12	0.08333333333333333	7/24	7/24	Chord	9/8	1	1	1/48	1/64	4/3	191									14			7	
13	13	50	50	0.08333333333333333	5/16	5/16	Chord	9/8	1	1	1/48	1/64	4/3	192									14			7	
13	13	601/12	601/12	0.08333333333333333	1/3	1/3	Chord	9/8	1	1	1/48	1/64	4/3	193									14			7	
13	13	301/6	301/6	0.08333333333333333	17/48	17/48	Chord	9/8	1	1	1/48	1/64	4/3	194									14			7	
13	13	201/4	201/4	0.0	3/8	3/8	Spanner	9/8	1	1	0																
13	13	201/4	201/4	0.5	3/8	3/8	Chord	9/8	1	1	1/8	1/8	1	195													
13	13	205/4	205/4	0.0	5/8	5/8	Spanner	9/8	1	1	0														8		
13	13	205/4	205/4	0.07142857142857142	5/8	5/8	Chord	9/8	1	1	1/56	1/64	8/7	196									15		8		
13	13	1437/28	1437/28	0.07142857142857142	9/14	9/14	Chord	9/8	1	1	1/56	1/64	8/7	197									15		8		
13	13	1439/28	1439/28	0.07142857142857142	37/56	37/56	Chord	9/8	1	1	1/56	1/64	8/7	198									15		8		
13	13	1441/28	1441/28	0.07142857142857142	19/28	19/28	Chord	9/8	1	1	1/56	1/64	8/7	199									15		8		
13	13	1443/28	1443/28	0.07142857142857142	39/56	39/56	Chord	9/8	1	1	1/56	1/64	8/7	200									15		8		
13	13	1445/28	1445/28	0.07142857142857142	5/7	5/7	Chord	9/8	1	1	1/56	1/64	8/7	201									15		8		
13	13	1447/28	1447/28	0.07142857142857142	41/56	41/56	Chord	9/8	1	1	1/56	1/64	8/7	202									15		8		
13	13	207/4	207/4	0.0	3/4	3/4	Spanner	9/8	1	1	0																
13	13	207/4	207/4	0.5	3/4	3/4	Chord	9/8	1	1	1/8	1/8	1	203													
13	13	211/4	211/4	0.0	1	1	Spanner	9/8	1	1	0															8	
13	13	211/4	211/4	0.08333333333333333	1	1	Chord	9/8	1	1	1/48	1/64	4/3	204									16			8	
13	13	317/6	317/6	0.08333333333333333	49/48	49/48	Chord	9/8	1	1	1/48	1/64	4/3	205									16			8	
13	13	635/12	635/12	0.08333333333333333	25/24	25/24	Chord	9/8	1	1	1/48	1/64	4/3	206									16			8	
13	13	53	53	0.08333333333333333	17/16	17/16	Chord	9/8	1	1	1/48	1/64	4/3	207									16			8	
13	13	637/12	637/12	0.08333333333333333	13/12	13/12	Chord	9/8	1	1	1/48	1/64	4/3	208									16			8	
13	13	319/6	319/6	0.0	53/48	53/48	Spanner	9/8	1	1	0												16				
13	13	319/6	319/6	0.08333333333333333	53/48	53/48	Chord	9/8	1	1	1/48	1/64	4/3	209									16				
13	13	195/4	195/4	0.5	0	0	Chord	9/8	2	1	1/8	1/8	1	210													
14	14	213/4	213/4	0.5	0	0	Chord	9/8	1	1	1/8	1/8	1	211													
14	14	223/4	223/4	0.0	5/8	5/8	Spanner	9/8	1	1	0															9	
14	14	223/4	223/4	0.08333333333333333	5/8	5/8	Chord	9/8	1	1	1/48	1/32	2/3	212									17			9	
14	14	335/6	335/6	0.08333333333333333	31/48	31/48	Chord	9/8	1	1	1/48	1/32	2/3	213									17			9	
14	14	671/12	671/12	0.08333333333333333	2/3	2/3	Chord	9/8	1	1	1/48	1/32	2/3	214									17			9	
14	14	56	56	0.08333333333333333	11/16	11/16	Chord	9/8	1	1	1/48	1/32	2/3	215									17			9	
14	14	673/12	673/12	0.08333333333333333	17/24	17/24	Chord	9/8	1	1	1/48	1/32	2/3	216									17			9	
14	14	337/6	337/6	0.08333333333333333	35/48	35/48	Chord	9/8	1	1	1/48	1/32	2/3	217									17			9	
14	14	225/4	225/4	0.0	3/4	3/4	Spanner	9/8	1	1	0																
14	14	225/4	225/4	0.5	3/4	3/4	Chord	9/8	1	1	1/8	1/8	1	218													
15	15	235/4	235/4	0.0	1/4	1/4	StaffText	9/8	1	1	0						<i>stretto</i>										
15	15	235/4	235/4	0.0	1/4	1/4	Spanner	9/8	1	1	0															10	
15	15	235/4	235/4	0.1	1/4	1/4	Chord	9/8	1	1	1/40	1/32	4/5	219									18			10	
15	15	1177/20	1177/20	0.1	11/40	11/40	Chord	9/8	1	1	1/40	1/32	4/5	220									18			10	
15	15	1179/20	1179/20	0.1	3/10	3/10	Chord	9/8	1	1	1/40	1/32	4/5	221									18			10	
15	15	1181/20	1181/20	0.1	13/40	13/40	Chord	9/8	1	1	1/40	1/32	4/5	222									18			10	
15	15	1183/20	1183/20	0.1	7/20	7/20	Chord	9/8	1	1	1/40	1/32	4/5	223									18			10	
15	15	237/4	237/4	0.0	3/8	3/8	Spanner	9/8	1	1	0																
15	15	237/4	237/4	0.5	3/8	3/8	Chord	9/8	1	1	1/8	1/8	1	224													
15	15	245/4	245/4	0.0	7/8	7/8	Spanner	9/8	1	1	0															11	
15	15	245/4	245/4	0.16666666666666666	7/8	7/8	Chord	9/8	1	1	1/24	1/16	2/3	225									19			11	
15	15	737/12	737/12	0.16666666666666666	11/12	11/12	Chord	9/8	1	1	1/24	1/16	2/3	226									19			11	
15	15	739/12	739/12	0.16666666666666666	23/24	23/24	Chord	9/8	1	1	1/24	1/16	2/3	227									19			11	
15	15	247/4	247/4	0.16666666666666666	1	1	Chord	9/8	1	1	1/24	1/16	2/3	228									19			11	
15	15	743/12	743/12	0.16666666666666666	25/24	25/24	Chord	9/8	1	1	1/24	1/16	2/3	229									19			11	
15	15	745/12	745/12	0.16666666666666666	13/12	13/12	Chord	9/8	1	1	1/24	1/16	2/3	230									19			11	
16	16	249/4	249/4	0.0	0	0	Spanner	6/8	1	1	0												19				
16	16	249/4	249/4	0.25	0	0	Chord	6/8	1	1	1/16	1/16	1	231		articAccentAbove							19				
16	16	125/2	125/2	0.25	1/16	1/16	Chord	6/8	1	1	1/16	1/16	1	232		articStaccatoAbove							19				
16	16	251/4	251/4	0.25	1/8	1/8	Chord	6/8	1	1	1/16	1/16	1	233		articStaccatoAbove							19				
16	16	63	63	0.25	3/16	3/16	Chord	6/8	1	1	1/16	1/16	1	234		articStaccatoAbove											
16	16	259/4	259/4	0.0	5/8	5/8	Spanner	6/8	1	1	0															12	
16	16	259/4	259/4	0.1	5/8	5/8	Chord	6/8	1	1	1/40	1/32	4/5	235									20			12	
16	16	1297/20	1297/20	0.1	13/20	13/20	Chord	6/8	1	1	1/40	1/32	4/5	236									20			12	
16	16	1299/20	1299/20	0.1	27/40	27/40	Chord	6/8	1	1	1/40	1/32	4/5	237									20			12	
16	16	1301/20	1301/20	0.1	7/10	7/10	Chord	6/8	1	1	1/40	1/32	4/5	238									20			12	
16	16	1303/20	1303/20	0.1	29/40	29/40	Chord	6/8	1	1	1/40	1/32	4/5	239												12	
17	17	261/4	261/4	0.0	0	0	Spanner	5/8	1	1	0																
17	17	265/4	265/4	0.0	1/4	1/4	Spanner	5/8	1	1	0															13	
17	17	265/4	265/4	0.16666666666666666	1/4	1/4	Chord	5/8	1	1	1/24	1/16	2/3	240									21			13	
17	17	797/12	797/12	0.16666666666666666	7/24	7/24	Chord	5/8	1	1	1/24	1/16	2/3	241									21			13	
17	17	799/12	799/12	0.16666666666666666	1/3	1/3	Chord	5/8	1	1	1/24	1/16	2/3	242									21			13	
17	17	267/4	267/4	0.0	3/8	3/8	Spanner	5/8	1	1	0												21				
17	17	267/4	267/4	0.25	3/8	3/8	Chord	5/8	1	1	1/16	1/16	1	243		articAccentAbove							21				
17	17	67	67	0.25	7/16	7/16	Chord	5/8	1	1	1/16	1/16	1	244		articTenutoStaccatoAbove							21				
17	17	269/4	269/4	0.25	1/2	1/2	Chord	5/8	1	1	1/16	1/16	1	245		articTenutoStaccatoAbove							21				
17	17	135/2	135/2	0.25	9/16	9/16	Chord	5/8	1	1	1/16	1/16	1	246		articTenutoStaccatoAbove											
18	18	273/4	273/4	0.25	1/8	1/8	Chord	4/8	1	1	1/16	1/16	1	247		articTenutoStaccatoBelow							22				
18	18	137/2	137/2	0.25	3/16	3/16	Chord	4/8	1	1	1/16	1/16	1	248		articTenutoStaccatoBelow							22				
18	18	275/4	275/4	0.25	1/4	1/4	Chord	4/8	1	1	1/16	1/16	1	249		articAccentBelow							22				
18	18	69	69	0.25	5/16	5/16	Chord	4/8	1	1	1/16	1/16	1	250		articTenutoStaccatoBelow											
19	19	70	70	0.0	1/16	1/16	Spanner	4/8	1	1	0														9		
19	19	70	70	0.25	1/16	1/16	Chord	4/8	1	1	1/16	1/16	1	251		articTenutoStaccatoBelow							23		9		
19	19	281/4	281/4	0.25	1/8	1/8	Chord	4/8	1	1	1/16	1/16	1	252		articTenutoStaccatoBelow							23		9		
19	19	141/2	141/2	0.25	3/16	3/16	Chord	4/8	1	1	1/16	1/16	1	253		articTenutoStaccatoBelow							23		9		
19	19	283/4	283/4	0.25	1/4	1/4	Chord	4/8	1	1	1/16	1/16	1	254		articAccentBelow							23		9		
19	19	71	71	0.25	5/16	5/16	Chord	4/8	1	1	1/16	1/16	1	255		articTenutoStaccatoBelow									9		
19	19	285/4	285/4	0.0	3/8	3/8	Spanner	4/8	1	1	0																
20	20	287/4	287/4	0.0	0	0	Spanner	4/8	1	1	0														10		
20	20	287/4	287/4	0.25	0	0	Chord	4/8	1	1	1/16	1/16	1	256		articTenutoStaccatoBelow							24		10		
20	20	72	72	0.25	1/16	1/16	Chord	4/8	1	1	1/16	1/16	1	257		articTenutoStaccatoBelow									10		
20	20	289/4	289/4	0.0	1/8	1/8	Spanner	4/8	1	1	0																
20	20	291/4	291/4	0.0	1/4	1/4	Spanner	4/8	1	1	0														11		
20	20	291/4	291/4	0.25	1/4	1/4	Chord	4/8	1	1	1/16	1/16	1	258		articTenutoStaccatoBelow							25		11		
20	20	73	73	0.25	5/16	5/16	Chord	4/8	1	1	1/16	1/16	1	259		articTenutoStaccatoBelow									11		
20	20	293/4	293/4	0.0	3/8	3/8	Spanner	4/8	1	1	0																
21	21	295/4	295/4	0.0	0	0	Tempo	6/8	1	1	0							ùÖ†=85	43.0	ùÖ†	85.0	1.0					
21	21	297/4	297/4	0.0	1/8	1/8	Dynamic	6/8	1	1	0				p												
21	21	297/4	297/4	0.5	1/8	1/8	Chord	6/8	1	1	1/8	1/8	1	260		articTenutoBelow											
21	21	299/4	299/4	0.0	1/4	1/4	StaffText	6/8	1	1	0						<i>espress.</i>										
21	21	301/4	301/4	0.5	3/8	3/8	Chord	6/8	1	1	1/8	1/8	1	261		articTenutoBelow											
21	21	305/4	305/4	0.5	5/8	5/8	Chord	6/8	1	1	1/8	1/8	1	262		articTenutoBelow											
22	22	307/4	307/4	0.5	0	0	Chord	6/8	1	1	1/8	1/8	1	263													
22	22	2461/32	2461/32	0.0	5/128	5/128	StaffText	6/8	1	1	0						<i>accel.</i>										
22	22	309/4	309/4	0.5	1/8	1/8	Chord	6/8	1	1	1/8	1/8	1	264													
22	22	311/4	311/4	0.5	1/4	1/4	Chord	6/8	1	1	1/8	1/8	1	265													
22	22	313/4	313/4	0.5	3/8	3/8	Chord	6/8	1	1	1/8	1/8	1	266													
22	22	315/4	315/4	0.0	1/2	1/2	Spanner	6/8	1	1	0															14	
22	22	315/4	315/4	0.25	1/2	1/2	Chord	6/8	1	1	1/16	1/16	1	267												14	
22	22	79	79	0.25	9/16	9/16	Chord	6/8	1	1	1/16	1/16	1	268												14	
22	22	317/4	317/4	0.25	5/8	5/8	Chord	6/8	1	1	1/16	1/16	1	269												14	
22	22	159/2	159/2	0.25	11/16	11/16	Chord	6/8	1	1	1/16	1/16	1	270												14	
22	22	319/4	319/4	0.25	3/4	3/4	Chord	6/8	1	1	1/16	1/16	1	271												14	
22	22	80	80	0.25	13/16	13/16	Chord	6/8	1	1	1/16	1/16	1	272												14	
22	22	321/4	321/4	0.125	7/8	7/8	Chord	6/8	1	1	1/32	1/32	1	273												14	
22	22	643/8	643/8	0.125	29/32	29/32	Chord	6/8	1	1	1/32	1/32	1	274												14	
22	22	161/2	161/2	0.125	15/16	15/16	Chord	6/8	1	1	1/32	1/32	1	275												14	
22	22	645/8	645/8	0.125	31/32	31/32	Chord	6/8	1	1	1/32	1/32	1	276												14	
22	22	323/4	323/4	0.125	1	1	Chord	6/8	1	1	1/32	1/32	1	277												14	
22	22	647/8	647/8	0.125	33/32	33/32	Chord	6/8	1	1	1/32	1/32	1	278												14	
22	22	81	81	0.0625	17/16	17/16	Chord	6/8	1	1	1/64	1/64	1	279												14	
22	22	1297/16	1297/16	0.0625	69/64	69/64	Chord	6/8	1	1	1/64	1/64	1	280												14	
22	22	649/8	649/8	0.0625	35/32	35/32	Chord	6/8	1	1	1/64	1/64	1	281												14	
22	22	1299/16	1299/16	0.0625	71/64	71/64	Chord	6/8	1	1	1/64	1/64	1	282												14	
22	22	325/4	325/4	0.03125	9/8	9/8	Chord	6/8	1	1	1/128	1/128	1	283												14	
22	22	2601/32	2601/32	0.03125	145/128	145/128	Chord	6/8	1	1	1/128	1/128	1	284												14	
22	22	1301/16	1301/16	0.03125	73/64	73/64	Chord	6/8	1	1	1/128	1/128	1	285												14	
22	22	2603/32	2603/32	0.03125	147/128	147/128	Chord	6/8	1	1	1/128	1/128	1	286												14	
22	22	651/8	651/8	0.03125	37/32	37/32	Chord	6/8	1	1	1/128	1/128	1	287												14	
22	22	2605/32	2605/32	0.03125	149/128	149/128	Chord	6/8	1	1	1/128	1/128	1	288												14	
22	22	307/4	307/4	0.0	0	0	Dynamic	6/8	2	1	0				p												
22	22	307/4	307/4	4.0	0	0	Chord	6/8	2	1	1	1	1	289		articAccentAbove											
23	23	1303/16	1303/16	0.0	0	0	Tempo	5/8	1	1	0							LentoùÖ†=58	29.0	LentoùÖ†	58.0	1.0					
23	23	1303/16	1303/16	0.0	0	0	Spanner	5/8	1	1	0																
23	23	1303/16	1303/16	0.75	0	0	Chord	5/8	1	1	3/16	1/8	3/2	290									26				
23	23	1315/16	1315/16	0.0	3/16	3/16	Spanner	5/8	1	1	0												26		12		
23	23	1315/16	1315/16	0.25	3/16	3/16	Chord	5/8	1	1	1/16	1/16	1	291									26		12		
23	23	1319/16	1319/16	0.5	1/4	1/4	Chord	5/8	1	1	1/8	1/8	1	292		articAccentAbove							26		12		
23	23	1327/16	1327/16	0.5	3/8	3/8	Chord	5/8	1	1	1/8	1/8	1	293											12		
23	23	1335/16	1335/16	0.0	1/2	1/2	Dynamic	5/8	1	1	0				pp												
23	23	1335/16	1335/16	0.0	1/2	1/2	Spanner	5/8	1	1	0													0			
23	23	1335/16	1335/16	0.0	1/2	1/2	Spanner	5/8	1	1	0													0			
23	23	1335/16	1335/16	0.5	1/2	1/2	Chord	5/8	1	1	1/8	1/8	1	294										0			
23	23	1303/16	1303/16	1.5	0	0	Chord	5/8	1	2	3/8	1/4	3/2	295										0			
23	23	1327/16	1327/16	0.5	3/8	3/8	Chord	5/8	1	2	1/8	1/8	1	296										0			
23	23	1335/16	1335/16	0.5	1/2	1/2	Chord	5/8	1	2	1/8	1/8	1	297										0			
23	23	1303/16	1303/16	1.0	0	0	Chord	5/8	2	1	1/4	1/4	1	298									27				
23	23	1319/16	1319/16	0.5	1/4	1/4	Chord	5/8	2	1	1/8	1/8	1	299		articAccentAbove							27				
23	23	1327/16	1327/16	0.5	3/8	3/8	Chord	5/8	2	1	1/8	1/8	1	300									28				
23	23	1335/16	1335/16	0.5	1/2	1/2	Chord	5/8	2	1	1/8	1/8	1	301													
23	23	1303/16	1303/16	1.5	0	0	Chord	5/8	2	2	3/8	1/4	3/2	302													
23	23	1335/16	1335/16	0.5	1/2	1/2	Chord	5/8	2	3	1/8	1/8	1	303													
24	24	1343/16	1343/16	0.0	0	0	StaffText	5/8	1	1	0						"<font size=""12""/><b>Poco pi√π andante </b>"							0			
24	24	1343/16	1343/16	0.0	0	0	StaffText	5/8	1	1	0						ùÖ† = 76-80							0			
24	24	1343/16	1343/16	0.0	0	0	Spanner	5/8	1	1	0													0		15	
24	24	1343/16	1343/16	0.75	0	0	Chord	5/8	1	1	3/16	1/8	3/2	304										0		15	
24	24	1355/16	1355/16	0.5	3/16	3/16	Chord	5/8	1	1	1/8	1/8	1	305									29	0		15	
24	24	1363/16	1363/16	0.0	5/16	5/16	Spanner	5/8	1	1	0												29	0			
24	24	1363/16	1363/16	0.25	5/16	5/16	Chord	5/8	1	1	1/16	1/16	1	306									29	0			
24	24	1367/16	1367/16	0.0	3/8	3/8	Spanner	5/8	1	1	0												29	0	13		
24	24	1367/16	1367/16	0.25	3/8	3/8	Chord	5/8	1	1	1/16	1/16	1	307		articAccentAbove							29	0	13		
24	24	1371/16	1371/16	0.75	7/16	7/16	Chord	5/8	1	1	3/16	1/8	3/2	308									29	0	13		
24	24	1343/16	1343/16	0.75	0	0	Chord	5/8	1	2	3/16	1/8	3/2	309										0	13		
24	24	1355/16	1355/16	0.5	3/16	3/16	Chord	5/8	1	2	1/8	1/8	1	310									30	0	13		
24	24	1363/16	1363/16	0.25	5/16	5/16	Chord	5/8	1	2	1/16	1/16	1	311									30	0	13		
24	24	1367/16	1367/16	0.25	3/8	3/8	Chord	5/8	1	2	1/16	1/16	1	312		articAccentBelow							30	0	13		
24	24	1371/16	1371/16	0.75	7/16	7/16	Chord	5/8	1	2	3/16	1/8	3/2	313									30	0	13		
24	24	1343/16	1343/16	2.0	0	0	Chord	5/8	2	1	1/2	1/2	1	314													
24	24	1375/16	1375/16	0.5	1/2	1/2	Chord	5/8	2	1	1/8	1/8	1	315													
24	24	1343/16	1343/16	2.0	0	0	Chord	5/8	2	2	1/2	1/2	1	316													
24	24	1375/16	1375/16	0.5	1/2	1/2	Chord	5/8	2	2	1/8	1/8	1	317													
25	25	1383/16	1383/16	0.0	0	0	Spanner	6/8	1	1	0													0			
25	25	1383/16	1383/16	0.0	0	0	Spanner	6/8	1	1	0													0		16	
25	25	1383/16	1383/16	0.75	0	0	Chord	6/8	1	1	3/16	1/8	3/2	318										0		16	
25	25	1395/16	1395/16	0.5	3/16	3/16	Chord	6/8	1	1	1/8	1/8	1	319									31	0		16	
25	25	1403/16	1403/16	0.25	5/16	5/16	Chord	6/8	1	1	1/16	1/16	1	320									31	0		16	
25	25	1407/16	1407/16	0.0	3/8	3/8	Spanner	6/8	1	1	0												31	0			
25	25	1407/16	1407/16	0.0	3/8	3/8	Spanner	6/8	1	1	0												31	0	14		
25	25	1407/16	1407/16	0.5	3/8	3/8	Chord	6/8	1	1	1/8	1/8	1	321		articAccentAbove							31	0	14		
25	25	1415/16	1415/16	0.25	1/2	1/2	Chord	6/8	1	1	1/16	1/16	1	322									31	0	14		
25	25	1419/16	1419/16	0.25	9/16	9/16	Chord	6/8	1	1	1/16	1/16	1	323										0	14		
25	25	1423/16	1423/16	0.0	5/8	5/8	Spanner	6/8	1	1	0																
25	25	1423/16	1423/16	0.0	5/8	5/8	Spanner	6/8	1	1	0																
25	25	1383/16	1383/16	0.75	0	0	Chord	6/8	1	2	3/16	1/8	3/2	324													
25	25	1395/16	1395/16	0.5	3/16	3/16	Chord	6/8	1	2	1/8	1/8	1	325									32				
25	25	1403/16	1403/16	0.25	5/16	5/16	Chord	6/8	1	2	1/16	1/16	1	326									32				
25	25	1407/16	1407/16	0.5	3/8	3/8	Chord	6/8	1	2	1/8	1/8	1	327		articAccentBelow							32				
25	25	1415/16	1415/16	0.25	1/2	1/2	Chord	6/8	1	2	1/16	1/16	1	328									32				
25	25	1419/16	1419/16	0.25	9/16	9/16	Chord	6/8	1	2	1/16	1/16	1	329													
25	25	1383/16	1383/16	1.5	0	0	Chord	6/8	2	1	3/8	1/4	3/2	330													
25	25	1407/16	1407/16	1.0	3/8	3/8	Chord	6/8	2	1	1/4	1/4	1	331													
25	25	1423/16	1423/16	0.0	5/8	5/8	StaffText	6/8	2	1	0						<i>senza Ped.</i>										
25	25	1423/16	1423/16	0.5	5/8	5/8	Chord	6/8	2	1	1/8	1/8	1	332													
25	25	1383/16	1383/16	1.5	0	0	Chord	6/8	2	2	3/8	1/4	3/2	333													
25	25	1407/16	1407/16	1.0	3/8	3/8	Chord	6/8	2	2	1/4	1/4	1	334													
25	25	1423/16	1423/16	0.5	5/8	5/8	Chord	6/8	2	2	1/8	1/8	1	335													
26	26	1431/16	1431/16	0.0	0	0	Tempo	9/8	1	1	0							Pocopi√πmossoùÖü.=50	75.0	Pocopi√πmossoùÖü.	50.0	1.0					
26	26	1447/16	1447/16	0.5	1/4	1/4	Chord	9/8	1	1	1/8	1/8	1	336		articAccentAbove											
26	26	1455/16	1455/16	1.0	3/8	3/8	Chord	9/8	1	1	1/4	1/4	1	337													
26	26	1471/16	1471/16	0.0	5/8	5/8	Spanner	9/8	1	1	0															17	
26	26	1471/16	1471/16	0.08333333333333333	5/8	5/8	Chord	9/8	1	1	1/48	1/32	2/3	338									33			17	
26	26	4417/48	4417/48	0.08333333333333333	31/48	31/48	Chord	9/8	1	1	1/48	1/32	2/3	339									33			17	
26	26	4421/48	4421/48	0.08333333333333333	2/3	2/3	Chord	9/8	1	1	1/48	1/32	2/3	340									33			17	
26	26	1475/16	1475/16	0.08333333333333333	11/16	11/16	Chord	9/8	1	1	1/48	1/32	2/3	341									33			17	
26	26	4429/48	4429/48	0.08333333333333333	17/24	17/24	Chord	9/8	1	1	1/48	1/32	2/3	342									33			17	
26	26	4433/48	4433/48	0.08333333333333333	35/48	35/48	Chord	9/8	1	1	1/48	1/32	2/3	343									33			17	
26	26	1479/16	1479/16	0.0	3/4	3/4	Spanner	9/8	1	1	0												33				
26	26	1479/16	1479/16	1.0	3/4	3/4	Chord	9/8	1	1	1/4	1/4	1	344									33				
26	26	1495/16	1495/16	0.0	1	1	Spanner	9/8	1	1	0												33		15		
26	26	1495/16	1495/16	0.0625	1	1	Chord	9/8	1	1	1/64	1/64	1	345									33		15		
26	26	187/2	187/2	0.0625	65/64	65/64	Chord	9/8	1	1	1/64	1/64	1	346									33		15		
26	26	1497/16	1497/16	0.0625	33/32	33/32	Chord	9/8	1	1	1/64	1/64	1	347									33		15		
26	26	749/8	749/8	0.0625	67/64	67/64	Chord	9/8	1	1	1/64	1/64	1	348									33		15		
26	26	1499/16	1499/16	0.0625	17/16	17/16	Chord	9/8	1	1	1/64	1/64	1	349									33		15		
26	26	375/4	375/4	0.0625	69/64	69/64	Chord	9/8	1	1	1/64	1/64	1	350									33		15		
26	26	1501/16	1501/16	0.0625	35/32	35/32	Chord	9/8	1	1	1/64	1/64	1	351									33		15		
26	26	751/8	751/8	0.0	71/64	71/64	Spanner	9/8	1	1	0												33				
26	26	751/8	751/8	0.0625	71/64	71/64	Chord	9/8	1	1	1/64	1/64	1	352									33				
26	26	1431/16	1431/16	3.0	0	0	Chord	9/8	2	1	3/4	1/2	3/2	353													
26	26	1479/16	1479/16	1.5	3/4	3/4	Chord	9/8	2	1	3/8	1/4	3/2	354													
27	27	1503/16	1503/16	1.5	0	0	Chord	9/8	1	1	3/8	1/4	3/2	355									33				
27	27	1527/16	1527/16	1.0	3/8	3/8	Chord	9/8	1	1	1/4	1/4	1	356													
27	27	1543/16	1543/16	0.0	5/8	5/8	Spanner	9/8	1	1	0															18	
27	27	1543/16	1543/16	0.08333333333333333	5/8	5/8	Chord	9/8	1	1	1/48	1/32	2/3	357									34			18	
27	27	4633/48	4633/48	0.08333333333333333	31/48	31/48	Chord	9/8	1	1	1/48	1/32	2/3	358									34			18	
27	27	4637/48	4637/48	0.08333333333333333	2/3	2/3	Chord	9/8	1	1	1/48	1/32	2/3	359									34			18	
27	27	1547/16	1547/16	0.08333333333333333	11/16	11/16	Chord	9/8	1	1	1/48	1/32	2/3	360									34			18	
27	27	4645/48	4645/48	0.08333333333333333	17/24	17/24	Chord	9/8	1	1	1/48	1/32	2/3	361									34			18	
27	27	4649/48	4649/48	0.08333333333333333	35/48	35/48	Chord	9/8	1	1	1/48	1/32	2/3	362									34			18	
27	27	1551/16	1551/16	0.0	3/4	3/4	Spanner	9/8	1	1	0												34				
27	27	1551/16	1551/16	1.0	3/4	3/4	Chord	9/8	1	1	1/4	1/4	1	363									34				
27	27	1567/16	1567/16	0.0	1	1	Spanner	9/8	1	1	0												34		16		
27	27	1567/16	1567/16	0.07142857142857142	1	1	Chord	9/8	1	1	1/56	1/32	4/7	364									34		16		
27	27	10977/112	10977/112	0.07142857142857142	57/56	57/56	Chord	9/8	1	1	1/56	1/32	4/7	365									34		16		
27	27	10985/112	10985/112	0.07142857142857142	29/28	29/28	Chord	9/8	1	1	1/56	1/32	4/7	366									34		16		
27	27	10993/112	10993/112	0.07142857142857142	59/56	59/56	Chord	9/8	1	1	1/56	1/32	4/7	367									34		16		
27	27	11001/112	11001/112	0.07142857142857142	15/14	15/14	Chord	9/8	1	1	1/56	1/32	4/7	368									34		16		
27	27	11009/112	11009/112	0.07142857142857142	61/56	61/56	Chord	9/8	1	1	1/56	1/32	4/7	369									34		16		
27	27	11017/112	11017/112	0.0	31/28	31/28	Spanner	9/8	1	1	0																
27	27	11017/112	11017/112	0.07142857142857142	31/28	31/28	Chord	9/8	1	1	1/56	1/32	4/7	370													
27	27	1503/16	1503/16	3.0	0	0	Chord	9/8	2	1	3/4	1/2	3/2	371													
27	27	1551/16	1551/16	1.5	3/4	3/4	Chord	9/8	2	1	3/8	1/4	3/2	372													
28	28	1575/16	1575/16	1.5	0	0	Chord	9/8	1	1	3/8	1/4	3/2	373													
28	28	1599/16	1599/16	1.0	3/8	3/8	Chord	9/8	1	1	1/4	1/4	1	374													
28	28	1615/16	1615/16	0.0	5/8	5/8	Spanner	9/8	1	1	0															19	
28	28	1615/16	1615/16	0.08333333333333333	5/8	5/8	Chord	9/8	1	1	1/48	1/32	2/3	375									35			19	
28	28	4849/48	4849/48	0.08333333333333333	31/48	31/48	Chord	9/8	1	1	1/48	1/32	2/3	376									35			19	
28	28	4853/48	4853/48	0.08333333333333333	2/3	2/3	Chord	9/8	1	1	1/48	1/32	2/3	377									35			19	
28	28	1619/16	1619/16	0.08333333333333333	11/16	11/16	Chord	9/8	1	1	1/48	1/32	2/3	378									35			19	
28	28	4861/48	4861/48	0.08333333333333333	17/24	17/24	Chord	9/8	1	1	1/48	1/32	2/3	379									35			19	
28	28	4865/48	4865/48	0.08333333333333333	35/48	35/48	Chord	9/8	1	1	1/48	1/32	2/3	380									35			19	
28	28	1623/16	1623/16	0.0	3/4	3/4	Spanner	9/8	1	1	0												35				
28	28	1623/16	1623/16	1.0	3/4	3/4	Chord	9/8	1	1	1/4	1/4	1	381									35				
28	28	1639/16	1639/16	0.0	1	1	Spanner	9/8	1	1	0												35		17		
28	28	1639/16	1639/16	0.07142857142857142	1	1	Chord	9/8	1	1	1/56	1/32	4/7	382									35		17		
28	28	11481/112	11481/112	0.07142857142857142	57/56	57/56	Chord	9/8	1	1	1/56	1/32	4/7	383									35		17		
28	28	11489/112	11489/112	0.07142857142857142	29/28	29/28	Chord	9/8	1	1	1/56	1/32	4/7	384									35		17		
28	28	11497/112	11497/112	0.07142857142857142	59/56	59/56	Chord	9/8	1	1	1/56	1/32	4/7	385									35		17		
28	28	11505/112	11505/112	0.07142857142857142	15/14	15/14	Chord	9/8	1	1	1/56	1/32	4/7	386									35		17		
28	28	11513/112	11513/112	0.07142857142857142	61/56	61/56	Chord	9/8	1	1	1/56	1/32	4/7	387									35		17		
28	28	11521/112	11521/112	0.07142857142857142	31/28	31/28	Chord	9/8	1	1	1/56	1/32	4/7	388									35		17		
28	28	1575/16	1575/16	3.0	0	0	Chord	9/8	2	1	3/4	1/2	3/2	389													
28	28	1623/16	1623/16	1.5	3/4	3/4	Chord	9/8	2	1	3/8	1/4	3/2	390													
29	29	1647/16	1647/16	0.0	0	0	Spanner	9/8	1	1	0												35				
29	29	1647/16	1647/16	1.5	0	0	Chord	9/8	1	1	3/8	1/4	3/2	391									35				
29	29	1671/16	1671/16	1.0	3/8	3/8	Chord	9/8	1	1	1/4	1/4	1	392													
29	29	1687/16	1687/16	0.0	5/8	5/8	Spanner	9/8	1	1	0															20	
29	29	1687/16	1687/16	0.1	5/8	5/8	Chord	9/8	1	1	1/40	1/32	4/5	393									36			20	
29	29	8443/80	8443/80	0.1	13/20	13/20	Chord	9/8	1	1	1/40	1/32	4/5	394									36			20	
29	29	8451/80	8451/80	0.1	27/40	27/40	Chord	9/8	1	1	1/40	1/32	4/5	395									36			20	
29	29	8459/80	8459/80	0.1	7/10	7/10	Chord	9/8	1	1	1/40	1/32	4/5	396									36			20	
29	29	8467/80	8467/80	0.1	29/40	29/40	Chord	9/8	1	1	1/40	1/32	4/5	397									36			20	
29	29	1695/16	1695/16	0.0	3/4	3/4	Spanner	9/8	1	1	0												36				
29	29	1695/16	1695/16	1.0	3/4	3/4	Chord	9/8	1	1	1/4	1/4	1	398									36				
29	29	1711/16	1711/16	0.0	1	1	Spanner	9/8	1	1	0												36		18		
29	29	1711/16	1711/16	0.07142857142857142	1	1	Chord	9/8	1	1	1/56	1/32	4/7	399									36		18		
29	29	11985/112	11985/112	0.07142857142857142	57/56	57/56	Chord	9/8	1	1	1/56	1/32	4/7	400									36		18		
29	29	11993/112	11993/112	0.07142857142857142	29/28	29/28	Chord	9/8	1	1	1/56	1/32	4/7	401									36		18		
29	29	12001/112	12001/112	0.07142857142857142	59/56	59/56	Chord	9/8	1	1	1/56	1/32	4/7	402									36		18		
29	29	12009/112	12009/112	0.07142857142857142	15/14	15/14	Chord	9/8	1	1	1/56	1/32	4/7	403									36		18		
29	29	12017/112	12017/112	0.07142857142857142	61/56	61/56	Chord	9/8	1	1	1/56	1/32	4/7	404									36		18		
29	29	12025/112	12025/112	0.07142857142857142	31/28	31/28	Chord	9/8	1	1	1/56	1/32	4/7	405									36		18		
29	29	1647/16	1647/16	0.0	0	0	Spanner	9/8	2	1	0														19		
29	29	1647/16	1647/16	1.5	0	0	Chord	9/8	2	1	3/8	1/4	3/2	406									37		19		
29	29	1671/16	1671/16	1.5	3/8	3/8	Chord	9/8	2	1	3/8	1/4	3/2	407											19		
29	29	1695/16	1695/16	0.0	3/4	3/4	Spanner	9/8	2	1	0																
29	29	1695/16	1695/16	1.5	3/4	3/4	Chord	9/8	2	1	3/8	1/4	3/2	408													
29	29	1647/16	1647/16	3.0	0	0	Chord	9/8	2	2	3/4	1/2	3/2	409													
30	30	1719/16	1719/16	0.0	0	0	Spanner	9/8	1	1	0												36				
30	30	1719/16	1719/16	1.5	0	0	Chord	9/8	1	1	3/8	1/4	3/2	410									36				
30	30	1743/16	1743/16	1.0	3/8	3/8	Chord	9/8	1	1	1/4	1/4	1	411													
30	30	1759/16	1759/16	0.08333333333333333	5/8	5/8	Chord	9/8	1	1	1/48	1/32	2/3	412									38				
30	30	5281/48	5281/48	0.08333333333333333	31/48	31/48	Chord	9/8	1	1	1/48	1/32	2/3	413									38				
30	30	5285/48	5285/48	0.08333333333333333	2/3	2/3	Chord	9/8	1	1	1/48	1/32	2/3	414									38				
30	30	1763/16	1763/16	0.08333333333333333	11/16	11/16	Chord	9/8	1	1	1/48	1/32	2/3	415									38				
30	30	5293/48	5293/48	0.08333333333333333	17/24	17/24	Chord	9/8	1	1	1/48	1/32	2/3	416									38				
30	30	5297/48	5297/48	0.08333333333333333	35/48	35/48	Chord	9/8	1	1	1/48	1/32	2/3	417									38				
30	30	1767/16	1767/16	0.5	3/4	3/4	Chord	9/8	1	1	1/8	1/8	1	418													
30	30	1783/16	1783/16	0.08333333333333333	1	1	Chord	9/8	1	1	1/48	1/32	2/3	419									39				
30	30	5353/48	5353/48	0.08333333333333333	49/48	49/48	Chord	9/8	1	1	1/48	1/32	2/3	420									39				
30	30	5357/48	5357/48	0.08333333333333333	25/24	25/24	Chord	9/8	1	1	1/48	1/32	2/3	421									39				
30	30	1787/16	1787/16	0.08333333333333333	17/16	17/16	Chord	9/8	1	1	1/48	1/32	2/3	422									39				
30	30	5365/48	5365/48	0.08333333333333333	13/12	13/12	Chord	9/8	1	1	1/48	1/32	2/3	423									39				
30	30	5369/48	5369/48	0.08333333333333333	53/48	53/48	Chord	9/8	1	1	1/48	1/32	2/3	424									39				
30	30	1719/16	1719/16	0.0	0	0	Spanner	9/8	2	1	0														20		
30	30	1719/16	1719/16	1.5	0	0	Chord	9/8	2	1	3/8	1/4	3/2	425									40		20		
30	30	1743/16	1743/16	0.5	3/8	3/8	Chord	9/8	2	1	1/8	1/8	1	426											20		
30	30	1751/16	1751/16	0.0	1/2	1/2	Spanner	9/8	2	1	0																
30	30	1719/16	1719/16	3.0	0	0	Chord	9/8	2	3	3/4	1/2	3/2	427													
31	31	1791/16	1791/16	0.5	0	0	Chord	9/8	1	1	1/8	1/8	1	428													
31	31	1831/16	1831/16	0.0	5/8	5/8	StaffText	9/8	1	1	0						<i>stretto</i>										
31	31	1831/16	1831/16	0.1	5/8	5/8	Chord	9/8	1	1	1/40	1/32	4/5	429									41				
31	31	9163/80	9163/80	0.1	13/20	13/20	Chord	9/8	1	1	1/40	1/32	4/5	430									41				
31	31	9171/80	9171/80	0.1	27/40	27/40	Chord	9/8	1	1	1/40	1/32	4/5	431									41				
31	31	9179/80	9179/80	0.1	7/10	7/10	Chord	9/8	1	1	1/40	1/32	4/5	432									41				
31	31	9187/80	9187/80	0.1	29/40	29/40	Chord	9/8	1	1	1/40	1/32	4/5	433									41				
31	31	1839/16	1839/16	0.25	3/4	3/4	Chord	9/8	1	1	1/16	1/16	1	434		articAccentAbove							41				
31	31	1843/16	1843/16	0.25	13/16	13/16	Chord	9/8	1	1	1/16	1/16	1	435		articStaccatoAbove							41				
31	31	1847/16	1847/16	0.25	7/8	7/8	Chord	9/8	1	1	1/16	1/16	1	436		articStaccatoAbove							41				
31	31	1851/16	1851/16	0.25	15/16	15/16	Chord	9/8	1	1	1/16	1/16	1	437		articStaccatoAbove											
32	32	1871/16	1871/16	0.16666666666666666	1/8	1/8	Chord	5/8	1	1	1/24	1/16	2/3	438									42				
32	32	5621/48	5621/48	0.16666666666666666	1/6	1/6	Chord	5/8	1	1	1/24	1/16	2/3	439									42				
32	32	5629/48	5629/48	0.16666666666666666	5/24	5/24	Chord	5/8	1	1	1/24	1/16	2/3	440									42				
32	32	1879/16	1879/16	0.25	1/4	1/4	Chord	5/8	1	1	1/16	1/16	1	441		articStaccatoAbove							42				
32	32	1883/16	1883/16	0.25	5/16	5/16	Chord	5/8	1	1	1/16	1/16	1	442		articStaccatoAbove							42				
32	32	1887/16	1887/16	0.25	3/8	3/8	Chord	5/8	1	1	1/16	1/16	1	443		articStaccatoAbove							42				
32	32	1891/16	1891/16	0.25	7/16	7/16	Chord	5/8	1	1	1/16	1/16	1	444		articStaccatoAbove											
33	33	1903/16	1903/16	0.0	0	0	Spanner	6/8	1	1	0														21		
33	33	1903/16	1903/16	0.25	0	0	Chord	6/8	1	1	1/16	1/16	1	445		articStaccatoBelow							43		21		
33	33	1907/16	1907/16	0.25	1/16	1/16	Chord	6/8	1	1	1/16	1/16	1	446		articStaccatoBelow									21		
33	33	1911/16	1911/16	0.0	1/8	1/8	Spanner	6/8	1	1	0																
33	33	1919/16	1919/16	0.0	1/4	1/4	Spanner	6/8	1	1	0														22		
33	33	1919/16	1919/16	0.25	1/4	1/4	Chord	6/8	1	1	1/16	1/16	1	447		articStaccatoBelow							44		22		
33	33	1923/16	1923/16	0.25	5/16	5/16	Chord	6/8	1	1	1/16	1/16	1	448		articStaccatoBelow									22		
33	33	1927/16	1927/16	0.0	3/8	3/8	Spanner	6/8	1	1	0																
33	33	1935/16	1935/16	0.0	1/2	1/2	Spanner	6/8	1	1	0														23		
33	33	1935/16	1935/16	0.25	1/2	1/2	Chord	6/8	1	1	1/16	1/16	1	449		articStaccatoBelow							45		23		
33	33	1939/16	1939/16	0.25	9/16	9/16	Chord	6/8	1	1	1/16	1/16	1	450		articStaccatoBelow									23		
33	33	1943/16	1943/16	0.0	5/8	5/8	Spanner	6/8	1	1	0																
34	34	1951/16	1951/16	0.0	0	0	Tempo	6/8	1	1	0							ùÖ†=85	43.0	ùÖ†	85.0	1.0					
34	34	1951/16	1951/16	0.0	0	0	StaffText	6/8	1	1	0						<i>molto espress.</i>										
34	34	1959/16	1959/16	0.5	1/8	1/8	Chord	6/8	1	1	1/8	1/8	1	451		articTenutoBelow											
34	34	1975/16	1975/16	0.5	3/8	3/8	Chord	6/8	1	1	1/8	1/8	1	452		articTenutoBelow											
34	34	1991/16	1991/16	0.5	5/8	5/8	Chord	6/8	1	1	1/8	1/8	1	453		articTenutoBelow											
35	35	1999/16	1999/16	0.0	0	0	StaffText	6/8	1	1	0						<i>accel.</i>										
35	35	1999/16	1999/16	0.2	0	0	Chord	6/8	1	1	1/20	1/8	2/5	454													
35	35	10011/80	10011/80	0.2	1/20	1/20	Chord	6/8	1	1	1/20	1/8	2/5	455													
35	35	10027/80	10027/80	0.2	1/10	1/10	Chord	6/8	1	1	1/20	1/8	2/5	456													
35	35	10043/80	10043/80	0.0	3/20	3/20	Spanner	6/8	1	1	0															21	
35	35	10043/80	10043/80	0.2	3/20	3/20	Chord	6/8	1	1	1/20	1/8	2/5	457												21	
35	35	10059/80	10059/80	0.2	1/5	1/5	Chord	6/8	1	1	1/20	1/8	2/5	458												21	
35	35	2015/16	2015/16	0.25	1/4	1/4	Chord	6/8	1	1	1/16	1/16	1	459												21	
35	35	2019/16	2019/16	0.25	5/16	5/16	Chord	6/8	1	1	1/16	1/16	1	460												21	
35	35	2023/16	2023/16	0.25	3/8	3/8	Chord	6/8	1	1	1/16	1/16	1	461												21	
35	35	2027/16	2027/16	0.25	7/16	7/16	Chord	6/8	1	1	1/16	1/16	1	462												21	
35	35	2031/16	2031/16	0.125	1/2	1/2	Chord	6/8	1	1	1/32	1/32	1	463												21	
35	35	2033/16	2033/16	0.125	17/32	17/32	Chord	6/8	1	1	1/32	1/32	1	464												21	
35	35	2035/16	2035/16	0.125	9/16	9/16	Chord	6/8	1	1	1/32	1/32	1	465												21	
35	35	2037/16	2037/16	0.125	19/32	19/32	Chord	6/8	1	1	1/32	1/32	1	466												21	
35	35	2039/16	2039/16	0.0625	5/8	5/8	Chord	6/8	1	1	1/64	1/64	1	467												21	
35	35	255/2	255/2	0.0625	41/64	41/64	Chord	6/8	1	1	1/64	1/64	1	468												21	
35	35	2041/16	2041/16	0.0625	21/32	21/32	Chord	6/8	1	1	1/64	1/64	1	469												21	
35	35	1021/8	1021/8	0.0625	43/64	43/64	Chord	6/8	1	1	1/64	1/64	1	470												21	
35	35	2043/16	2043/16	0.03125	11/16	11/16	Chord	6/8	1	1	1/128	1/128	1	471												21	
35	35	4087/32	4087/32	0.03125	89/128	89/128	Chord	6/8	1	1	1/128	1/128	1	472												21	
35	35	511/4	511/4	0.03125	45/64	45/64	Chord	6/8	1	1	1/128	1/128	1	473												21	
35	35	4089/32	4089/32	0.03125	91/128	91/128	Chord	6/8	1	1	1/128	1/128	1	474												21	
35	35	2045/16	2045/16	0.03125	23/32	23/32	Chord	6/8	1	1	1/128	1/128	1	475												21	
35	35	4091/32	4091/32	0.0	93/128	93/128	Spanner	6/8	1	1	0																
35	35	1999/16	1999/16	2.0	0	0	Chord	6/8	2	1	1/2	1/2	1	476													
35	35	2031/16	2031/16	2.0	1/2	1/2	Chord	6/8	2	1	1/2	1/2	1	477													
36	36	2063/16	2063/16	0.0	0	0	Tempo	9/8	1	1	0							ùÖ†=70-76	35.0			1.0					
36	36	2063/16	2063/16	0.75	0	0	Chord	9/8	1	1	3/16	1/8	3/2	478													
36	36	2075/16	2075/16	0.25	3/16	3/16	Chord	9/8	1	1	1/16	1/16	1	479													
36	36	2079/16	2079/16	0.5	1/4	1/4	Chord	9/8	1	1	1/8	1/8	1	480													
36	36	2087/16	2087/16	1.5	3/8	3/8	Chord	9/8	1	1	3/8	1/4	3/2	481													
36	36	2115/16	2115/16	0.0	13/16	13/16	StaffText	9/8	1	1	0						<i>molto espress.</i>										
36	36	2115/16	2115/16	0.0	13/16	13/16	Spanner	9/8	1	1	0															22	
36	36	2115/16	2115/16	0.25	13/16	13/16	Chord	9/8	1	1	1/16	1/16	1	482		articTenutoAbove							46			22	
36	36	2123/16	2123/16	0.25	15/16	15/16	Chord	9/8	1	1	1/16	1/16	1	483		articTenutoAbove							46			22	
36	36	2127/16	2127/16	0.0	1	1	StaffText	9/8	1	1	0						<i>sempre </i>						46			22	
36	36	2127/16	2127/16	0.0	1	1	Dynamic	9/8	1	1	0				p								46			22	
36	36	2131/16	2131/16	0.25	17/16	17/16	Chord	9/8	1	1	1/16	1/16	1	484		articTenutoAbove							46			22	
36	36	2063/16	2063/16	1.5	0	0	Chord	9/8	1	2	3/8	1/4	3/2	485												22	
36	36	2087/16	2087/16	0.5	3/8	3/8	Chord	9/8	1	2	1/8	1/8	1	486												22	
36	36	2095/16	2095/16	1.0	1/2	1/2	Chord	9/8	1	2	1/4	1/4	1	487		articAccentBelow										22	
36	36	2111/16	2111/16	1.5	3/4	3/4	Chord	9/8	1	2	3/8	1/4	3/2	488												22	
36	36	2063/16	2063/16	1.5	0	0	Chord	9/8	2	1	3/8	1/4	3/2	489									47				
36	36	2087/16	2087/16	0.5	3/8	3/8	Chord	9/8	2	1	1/8	1/8	1	490													
36	36	2095/16	2095/16	1.0	1/2	1/2	Chord	9/8	2	1	1/4	1/4	1	491		articAccentAbove											
36	36	2111/16	2111/16	1.5	3/4	3/4	Chord	9/8	2	1	3/8	1/4	3/2	492													
37	37	2135/16	2135/16	0.0	0	0	Spanner	6/8	1	1	0												46				
37	37	2135/16	2135/16	0.75	0	0	Chord	6/8	1	1	3/16	1/8	3/2	493									46				
37	37	2147/16	2147/16	0.25	3/16	3/16	Chord	6/8	1	1	1/16	1/16	1	494									46				
37	37	2151/16	2151/16	0.25	1/4	1/4	Chord	6/8	1	1	1/16	1/16	1	495									46				
37	37	2155/16	2155/16	0.25	5/16	5/16	Chord	6/8	1	1	1/16	1/16	1	496									46				
37	37	2159/16	2159/16	0.75	3/8	3/8	Chord	6/8	1	1	3/16	1/8	3/2	497													
37	37	2171/16	2171/16	0.25	9/16	9/16	Chord	6/8	1	1	1/16	1/16	1	498									48				
37	37	2175/16	2175/16	0.16666666666666666	5/8	5/8	Chord	6/8	1	1	1/24	1/16	2/3	499									48				
37	37	6533/48	6533/48	0.16666666666666666	2/3	2/3	Chord	6/8	1	1	1/24	1/16	2/3	500									48				
37	37	6541/48	6541/48	0.16666666666666666	17/24	17/24	Chord	6/8	1	1	1/24	1/16	2/3	501									48				
37	37	2135/16	2135/16	1.5	0	0	Chord	6/8	1	3	3/8	1/4	3/2	502													
37	37	2135/16	2135/16	1.5	0	0	Chord	6/8	2	1	3/8	1/4	3/2	503													
37	37	2159/16	2159/16	1.5	3/8	3/8	Chord	6/8	2	1	3/8	1/4	3/2	504													
38	38	2183/16	2183/16	0.5	0	0	Chord	6/8	1	1	1/8	1/8	1	505									48				
38	38	2191/16	2191/16	0.16666666666666666	1/8	1/8	Chord	6/8	1	1	1/24	1/16	2/3	506									48				
38	38	6581/48	6581/48	0.16666666666666666	1/6	1/6	Chord	6/8	1	1	1/24	1/16	2/3	507									48				
38	38	6589/48	6589/48	0.16666666666666666	5/24	5/24	Chord	6/8	1	1	1/24	1/16	2/3	508									48				
38	38	2199/16	2199/16	0.16666666666666666	1/4	1/4	Chord	6/8	1	1	1/24	1/16	2/3	509									48				
38	38	6605/48	6605/48	0.16666666666666666	7/24	7/24	Chord	6/8	1	1	1/24	1/16	2/3	510		articTenutoStaccatoBelow							48				
38	38	6613/48	6613/48	0.16666666666666666	1/3	1/3	Chord	6/8	1	1	1/24	1/16	2/3	511		articTenutoStaccatoBelow							48				
38	38	2207/16	2207/16	0.75	3/8	3/8	Chord	6/8	1	1	3/16	1/8	3/2	512													
38	38	2219/16	2219/16	0.25	9/16	9/16	Chord	6/8	1	1	1/16	1/16	1	513									49				
38	38	2223/16	2223/16	0.1	5/8	5/8	Chord	6/8	1	1	1/40	1/32	4/5	514									49				
38	38	11123/80	11123/80	0.1	13/20	13/20	Chord	6/8	1	1	1/40	1/32	4/5	515									49				
38	38	11131/80	11131/80	0.1	27/40	27/40	Chord	6/8	1	1	1/40	1/32	4/5	516									49				
38	38	11139/80	11139/80	0.1	7/10	7/10	Chord	6/8	1	1	1/40	1/32	4/5	517									49				
38	38	11147/80	11147/80	0.1	29/40	29/40	Chord	6/8	1	1	1/40	1/32	4/5	518									49				
38	38	2183/16	2183/16	1.5	0	0	Chord	6/8	2	1	3/8	1/4	3/2	519													
38	38	2207/16	2207/16	1.5	3/8	3/8	Chord	6/8	2	1	3/8	1/4	3/2	520													
39	39	2231/16	2231/16	0.5	0	0	Chord	6/8	1	1	1/8	1/8	1	521									49				
39	39	2239/16	2239/16	0.16666666666666666	1/8	1/8	Chord	6/8	1	1	1/24	1/16	2/3	522									49				
39	39	6725/48	6725/48	0.16666666666666666	1/6	1/6	Chord	6/8	1	1	1/24	1/16	2/3	523									49				
39	39	6733/48	6733/48	0.16666666666666666	5/24	5/24	Chord	6/8	1	1	1/24	1/16	2/3	524									49				
39	39	2247/16	2247/16	0.1	1/4	1/4	Chord	6/8	1	1	1/40	1/32	4/5	525									49				
39	39	11243/80	11243/80	0.1	11/40	11/40	Chord	6/8	1	1	1/40	1/32	4/5	526									49				
39	39	11251/80	11251/80	0.1	3/10	3/10	Chord	6/8	1	1	1/40	1/32	4/5	527		articTenutoStaccatoBelow							49				
39	39	11259/80	11259/80	0.1	13/40	13/40	Chord	6/8	1	1	1/40	1/32	4/5	528		articTenutoStaccatoBelow							49				
39	39	11267/80	11267/80	0.1	7/20	7/20	Chord	6/8	1	1	1/40	1/32	4/5	529		articTenutoStaccatoBelow							49				
39	39	2255/16	2255/16	0.875	3/8	3/8	Chord	6/8	1	1	7/32	1/8	7/4	530													
39	39	2263/16	2263/16	0.0	1/2	1/2	Dynamic	6/8	1	1	0				pp												
39	39	2269/16	2269/16	0.125	19/32	19/32	Chord	6/8	1	1	1/32	1/32	1	531									50				
39	39	2271/16	2271/16	0.125	5/8	5/8	Chord	6/8	1	1	1/32	1/32	1	532									50				
39	39	2273/16	2273/16	0.125	21/32	21/32	Chord	6/8	1	1	1/32	1/32	1	533									50				
39	39	2275/16	2275/16	0.125	11/16	11/16	Chord	6/8	1	1	1/32	1/32	1	534									50				
39	39	2277/16	2277/16	0.125	23/32	23/32	Chord	6/8	1	1	1/32	1/32	1	535									50				
39	39	2231/16	2231/16	0.5	0	0	Chord	6/8	1	2	1/8	1/8	1	536									51				
39	39	2239/16	2239/16	1.0	1/8	1/8	Chord	6/8	1	2	1/4	1/4	1	537													
39	39	2263/16	2263/16	1.0	1/2	1/2	Chord	6/8	1	2	1/4	1/4	1	538													
39	39	2231/16	2231/16	0.5	0	0	Chord	6/8	2	1	1/8	1/8	1	539									52				
39	39	2239/16	2239/16	1.0	1/8	1/8	Chord	6/8	2	1	1/4	1/4	1	540													
39	39	2263/16	2263/16	1.0	1/2	1/2	Chord	6/8	2	1	1/4	1/4	1	541													
39	39	2231/16	2231/16	1.5	0	0	Chord	6/8	2	3	3/8	1/4	3/2	542													
40	40	2279/16	2279/16	0.875	0	0	Chord	9/8	1	1	7/32	1/8	7/4	543		articAccentAbove											
40	40	2293/16	2293/16	0.0	7/32	7/32	Spanner	9/8	1	1	0															23	
40	40	2293/16	2293/16	0.125	7/32	7/32	Chord	9/8	1	1	1/32	1/32	1	544									53			23	
40	40	2295/16	2295/16	0.1	1/4	1/4	Chord	9/8	1	1	1/40	1/32	4/5	545									53			23	
40	40	11483/80	11483/80	0.1	11/40	11/40	Chord	9/8	1	1	1/40	1/32	4/5	546									53			23	
40	40	11491/80	11491/80	0.1	3/10	3/10	Chord	9/8	1	1	1/40	1/32	4/5	547									53			23	
40	40	11499/80	11499/80	0.1	13/40	13/40	Chord	9/8	1	1	1/40	1/32	4/5	548									53			23	
40	40	11507/80	11507/80	0.1	7/20	7/20	Chord	9/8	1	1	1/40	1/32	4/5	549									53			23	
40	40	2303/16	2303/16	0.0	3/8	3/8	Spanner	9/8	1	1	0																
40	40	2303/16	2303/16	0.875	3/8	3/8	Chord	9/8	1	1	7/32	1/8	7/4	550		articAccentAbove											
40	40	2317/16	2317/16	0.0	19/32	19/32	Spanner	9/8	1	1	0															24	
40	40	2317/16	2317/16	0.125	19/32	19/32	Chord	9/8	1	1	1/32	1/32	1	551									54			24	
40	40	2319/16	2319/16	0.1	5/8	5/8	Chord	9/8	1	1	1/40	1/32	4/5	552									54			24	
40	40	11603/80	11603/80	0.1	13/20	13/20	Chord	9/8	1	1	1/40	1/32	4/5	553									54			24	
40	40	11611/80	11611/80	0.1	27/40	27/40	Chord	9/8	1	1	1/40	1/32	4/5	554									54			24	
40	40	11619/80	11619/80	0.1	7/10	7/10	Chord	9/8	1	1	1/40	1/32	4/5	555									54			24	
40	40	11627/80	11627/80	0.1	29/40	29/40	Chord	9/8	1	1	1/40	1/32	4/5	556									54			24	
40	40	2327/16	2327/16	0.0	3/4	3/4	Spanner	9/8	1	1	0																
40	40	2327/16	2327/16	0.875	3/4	3/4	Chord	9/8	1	1	7/32	1/8	7/4	557													
40	40	2341/16	2341/16	0.0	31/32	31/32	Spanner	9/8	1	1	0															25	
40	40	2341/16	2341/16	0.125	31/32	31/32	Chord	9/8	1	1	1/32	1/32	1	558		articAccentBelow							55			25	
40	40	2343/16	2343/16	0.0	1	1	StaffText	9/8	1	1	0						<i>pi√π</i>						55			25	
40	40	2343/16	2343/16	0.08333333333333333	1	1	Chord	9/8	1	1	1/48	1/32	2/3	559									55			25	
40	40	7033/48	7033/48	0.08333333333333333	49/48	49/48	Chord	9/8	1	1	1/48	1/32	2/3	560									55			25	
40	40	7037/48	7037/48	0.08333333333333333	25/24	25/24	Chord	9/8	1	1	1/48	1/32	2/3	561									55			25	
40	40	2347/16	2347/16	0.08333333333333333	17/16	17/16	Chord	9/8	1	1	1/48	1/32	2/3	562									55			25	
40	40	7045/48	7045/48	0.08333333333333333	13/12	13/12	Chord	9/8	1	1	1/48	1/32	2/3	563									55			25	
40	40	7049/48	7049/48	0.08333333333333333	53/48	53/48	Chord	9/8	1	1	1/48	1/32	2/3	564									55			25	
40	40	2287/16	2287/16	1.0	1/8	1/8	Chord	9/8	1	2	1/4	1/4	1	565												25	
40	40	2311/16	2311/16	1.0	1/2	1/2	Chord	9/8	1	2	1/4	1/4	1	566												25	
40	40	2287/16	2287/16	1.0	1/8	1/8	Chord	9/8	2	1	1/4	1/4	1	567													
40	40	2311/16	2311/16	1.0	1/2	1/2	Chord	9/8	2	1	1/4	1/4	1	568													
40	40	2335/16	2335/16	1.0	7/8	7/8	Chord	9/8	2	1	1/4	1/4	1	569													
41	41	2351/16	2351/16	0.75	0	0	Chord	9/8	1	1	3/16	1/8	3/2	570									55			25	
41	41	2363/16	2363/16	0.0	3/16	3/16	Spanner	9/8	1	1	0												55				
41	41	2363/16	2363/16	0.25	3/16	3/16	Chord	9/8	1	1	1/16	1/16	1	571									55				
41	41	2367/16	2367/16	0.0	1/4	1/4	Spanner	9/8	1	1	0																0
41	41	2367/16	2367/16	0.5	1/4	1/4	Chord	9/8	1	1	1/8	1/8	1	572													0
41	41	2375/16	2375/16	0.0	3/8	3/8	Spanner	9/8	1	1	0																
41	41	2399/16	2399/16	0.0	3/4	3/4	Spanner	9/8	1	1	0																1
41	41	2399/16	2399/16	0.0	3/4	3/4	Spanner	9/8	1	1	0																1, 2
41	41	2415/16	2415/16	0.0	1	1	Spanner	9/8	1	1	0																
41	41	2415/16	2415/16	0.0	1	1	Spanner	9/8	1	1	0																
41	41	2415/16	2415/16	0.5	1	1	Chord	9/8	1	1	1/8	1/8	1	573									56				
41	41	2415/16	2415/16	0.5	1	1	Chord	9/8	1	3	1/8	1/8	1	574									57				
41	41	2351/16	2351/16	1.5	0	0	Chord	9/8	2	1	3/8	1/4	3/2	575													
41	41	2375/16	2375/16	0.0	3/8	3/8	Dynamic	9/8	2	1	0				pp												
41	41	2375/16	2375/16	3.0	3/8	3/8	Chord	9/8	2	1	3/4	1/2	3/2	576													
41	41	2351/16	2351/16	1.5	0	0	Chord	9/8	2	3	3/8	1/4	3/2	577													
41	41	2375/16	2375/16	3.0	3/8	3/8	Chord	9/8	2	3	3/4	1/2	3/2	578													
42	42	2423/16	2423/16	0.75	0	0	Chord	9/8	1	1	3/16	1/8	3/2	579									56				
42	42	2435/16	2435/16	0.25	3/16	3/16	Chord	9/8	1	1	1/16	1/16	1	580									56				
42	42	2439/16	2439/16	0.5	1/4	1/4	Chord	9/8	1	1	1/8	1/8	1	581									56				
42	42	2447/16	2447/16	0.5	3/8	3/8	Chord	9/8	1	1	1/8	1/8	1	582													
42	42	2423/16	2423/16	0.75	0	0	Chord	9/8	1	3	3/16	1/8	3/2	583									57				
42	42	2435/16	2435/16	0.25	3/16	3/16	Chord	9/8	1	3	1/16	1/16	1	584									57				
42	42	2439/16	2439/16	0.5	1/4	1/4	Chord	9/8	1	3	1/8	1/8	1	585									57				
42	42	2447/16	2447/16	0.5	3/8	3/8	Chord	9/8	1	3	1/8	1/8	1	586													
42	42	2463/16	2463/16	0.0	5/8	5/8	Spanner	9/8	2	1	0																3
42	42	2471/16	2471/16	0.0	3/4	3/4	Dynamic	9/8	2	1	0				ppp												
42	42	2471/16	2471/16	0.0	3/4	3/4	Spanner	9/8	2	1	0																
42	42	2471/16	2471/16	1.5	3/4	3/4	Chord	9/8	2	1	3/8	1/4	3/2	587									58				
42	42	2471/16	2471/16	1.5	3/4	3/4	Chord	9/8	2	3	3/8	1/4	3/2	588									59				
43	43	2519/16	2519/16	0.0	3/8	3/8	Dynamic	9/8	1	1	0				ppp												
43	43	2519/16	2519/16	3.0	3/8	3/8	Chord	9/8	1	1	3/4	1/2	3/2	589		articAccentAbove							60				
43	43	2543/16	2543/16	0.0	3/4	3/4	StaffText	9/8	1	1	0						<i>calando</i>						60				
43	43	2519/16	2519/16	3.0	3/8	3/8	Chord	9/8	1	3	3/4	1/2	3/2	590									61				
43	43	2495/16	2495/16	3.0	0	0	Chord	9/8	2	1	3/4	1/2	3/2	591									58				
43	43	2543/16	2543/16	1.5	3/4	3/4	Chord	9/8	2	1	3/8	1/4	3/2	592									58				
43	43	2495/16	2495/16	3.0	0	0	Chord	9/8	2	2	3/4	1/2	3/2	593													
43	43	2543/16	2543/16	1.5	3/4	3/4	Chord	9/8	2	2	3/8	1/4	3/2	594													
44	44	2567/16	2567/16	3.0	0	0	Chord	9/8	1	1	3/4	1/2	3/2	595									60				
44	44	2615/16	2615/16	1.5	3/4	3/4	Chord	9/8	1	1	3/8	1/4	3/2	596													
44	44	2567/16	2567/16	3.0	0	0	Chord	9/8	1	2	3/4	1/2	3/2	597													
44	44	2615/16	2615/16	1.5	3/4	3/4	Chord	9/8	1	2	3/8	1/4	3/2	598													
44	44	2567/16	2567/16	3.0	0	0	Chord	9/8	2	1	3/4	1/2	3/2	599									58				
44	44	2615/16	2615/16	1.5	3/4	3/4	Chord	9/8	2	1	3/8	1/4	3/2	600													
44	44	2567/16	2567/16	3.0	0	0	Chord	9/8	2	2	3/4	1/2	3/2	601													
44	44	2615/16	2615/16	1.5	3/4	3/4	Chord	9/8	2	2	3/8	1/4	3/2	602													
