mc	mn	quarterbeats	quarterbeats_all_endings	duration_qb	mc_onset	mn_onset	timesig	staff	voice	duration	nominal_duration	scalar	tied	tpc	midi	name	octave	chord_id
1	1	0	0	0.5	0	0	3/8	2	1	1/8	1/8	1		2	50	D3	3	0
1	1	1/2	1/2	0.5	1/8	1/8	3/8	2	1	1/8	1/8	1		6	54	F#3	3	1
1	1	1/2	1/2	0.5	1/8	1/8	3/8	2	1	1/8	1/8	1		3	57	A3	3	1
1	1	1	1	0.5	1/4	1/4	3/8	2	1	1/8	1/8	1		6	54	F#3	3	2
1	1	1	1	0.5	1/4	1/4	3/8	2	1	1/8	1/8	1		3	57	A3	3	2
2	2	3/2	3/2	0.5	0	0	3/8	2	1	1/8	1/8	1		-2	46	Bb2	2	3
2	2	2	2	0.5	1/8	1/8	3/8	2	1	1/8	1/8	1		6	54	F#3	3	4
2	2	2	2	0.5	1/8	1/8	3/8	2	1	1/8	1/8	1		8	56	G#3	3	4
2	2	5/2	5/2	0.5	1/4	1/4	3/8	2	1	1/8	1/8	1		6	54	F#3	3	5
2	2	5/2	5/2	0.5	1/4	1/4	3/8	2	1	1/8	1/8	1		8	56	G#3	3	5
3	3	3	3	0.5	0	0	3/8	2	1	1/8	1/8	1		2	50	D3	3	6
3	3	7/2	7/2	0.5	1/8	1/8	3/8	2	1	1/8	1/8	1		6	54	F#3	3	7
3	3	7/2	7/2	0.5	1/8	1/8	3/8	2	1	1/8	1/8	1		3	57	A3	3	7
3	3	4	4	0.5	1/4	1/4	3/8	2	1	1/8	1/8	1		6	54	F#3	3	8
3	3	4	4	0.5	1/4	1/4	3/8	2	1	1/8	1/8	1		3	57	A3	3	8
4	4	9/2	9/2	0.5	0	0	3/8	2	1	1/8	1/8	1		-2	46	Bb2	2	9
4	4	5	5	0.5	1/8	1/8	3/8	2	1	1/8	1/8	1		6	54	F#3	3	10
4	4	5	5	0.5	1/8	1/8	3/8	2	1	1/8	1/8	1		8	56	G#3	3	10
4	4	11/2	11/2	0.5	1/4	1/4	3/8	2	1	1/8	1/8	1		6	54	F#3	3	11
4	4	11/2	11/2	0.5	1/4	1/4	3/8	2	1	1/8	1/8	1		8	56	G#3	3	11
5	5	6	6	0.5	0	0	3/8	2	1	1/8	1/8	1		2	50	D3	3	12
5	5	13/2	13/2	0.5	1/8	1/8	3/8	2	1	1/8	1/8	1		6	54	F#3	3	13
5	5	13/2	13/2	0.5	1/8	1/8	3/8	2	1	1/8	1/8	1		3	57	A3	3	13
5	5	7	7	0.5	1/4	1/4	3/8	2	1	1/8	1/8	1		6	54	F#3	3	14
5	5	7	7	0.5	1/4	1/4	3/8	2	1	1/8	1/8	1		3	57	A3	3	14
6	6	15/2	15/2	0.5	0	0	3/8	2	1	1/8	1/8	1		-2	46	Bb2	2	15
6	6	8	8	0.5	1/8	1/8	3/8	2	1	1/8	1/8	1		6	54	F#3	3	16
6	6	8	8	0.5	1/8	1/8	3/8	2	1	1/8	1/8	1		8	56	G#3	3	16
6	6	17/2	17/2	0.5	1/4	1/4	3/8	2	1	1/8	1/8	1		6	54	F#3	3	17
6	6	17/2	17/2	0.5	1/4	1/4	3/8	2	1	1/8	1/8	1		8	56	G#3	3	17
7	7	9	9	0.5	0	0	3/8	2	1	1/8	1/8	1		2	50	D3	3	18
7	7	19/2	19/2	0.5	1/8	1/8	3/8	2	1	1/8	1/8	1		6	54	F#3	3	19
7	7	19/2	19/2	0.5	1/8	1/8	3/8	2	1	1/8	1/8	1		3	57	A3	3	19
7	7	10	10	0.5	1/4	1/4	3/8	2	1	1/8	1/8	1		6	54	F#3	3	20
7	7	10	10	0.5	1/4	1/4	3/8	2	1	1/8	1/8	1		3	57	A3	3	20
8	8	21/2	21/2	0.5	0	0	3/8	2	1	1/8	1/8	1		-2	46	Bb2	2	21
8	8	11	11	0.5	1/8	1/8	3/8	2	1	1/8	1/8	1		6	54	F#3	3	22
8	8	11	11	0.5	1/8	1/8	3/8	2	1	1/8	1/8	1		8	56	G#3	3	22
8	8	23/2	23/2	0.5	1/4	1/4	3/8	2	1	1/8	1/8	1		6	54	F#3	3	23
8	8	23/2	23/2	0.5	1/4	1/4	3/8	2	1	1/8	1/8	1		8	56	G#3	3	23
9	9	12	12	0.5	0	0	3/8	2	1	1/8	1/8	1		2	50	D3	3	28
9	9	12	12	0.16666666666666666	0	0	3/8	1	1	1/24	1/16	2/3		2	74	D5	5	24
9	9	73/6	73/6	0.16666666666666666	1/24	1/24	3/8	1	1	1/24	1/16	2/3		6	78	F#5	5	25
9	9	37/3	37/3	0.16666666666666666	1/12	1/12	3/8	1	1	1/24	1/16	2/3		3	81	A5	5	26
9	9	25/2	25/2	0.5	1/8	1/8	3/8	2	1	1/8	1/8	1		6	54	F#3	3	29
9	9	25/2	25/2	0.5	1/8	1/8	3/8	2	1	1/8	1/8	1		3	57	A3	3	29
9	9	25/2	25/2	1.0	1/8	1/8	3/8	1	1	1/4	1/4	1	1	7	85	C#6	6	27
9	9	13	13	0.5	1/4	1/4	3/8	2	1	1/8	1/8	1		6	54	F#3	3	30
9	9	13	13	0.5	1/4	1/4	3/8	2	1	1/8	1/8	1		3	57	A3	3	30
10	10	27/2	27/2	0.5	0	0	3/8	2	1	1/8	1/8	1		-2	46	Bb2	2	32
10	10	27/2	27/2	1.5	0	0	3/8	1	1	3/8	1/4	3/2	0	7	85	C#6	6	31
10	10	14	14	0.5	1/8	1/8	3/8	2	1	1/8	1/8	1		6	54	F#3	3	33
10	10	14	14	0.5	1/8	1/8	3/8	2	1	1/8	1/8	1		8	56	G#3	3	33
10	10	29/2	29/2	0.5	1/4	1/4	3/8	2	1	1/8	1/8	1		6	54	F#3	3	34
10	10	29/2	29/2	0.5	1/4	1/4	3/8	2	1	1/8	1/8	1		8	56	G#3	3	34
11	11	15	15	0.5	0	0	3/8	2	1	1/8	1/8	1		2	50	D3	3	36
11	11	15	15	1.5	0	0	3/8	1	1	3/8	1/4	3/2	0	7	85	C#6	6	35
11	11	31/2	31/2	0.5	1/8	1/8	3/8	2	1	1/8	1/8	1		6	54	F#3	3	37
11	11	31/2	31/2	0.5	1/8	1/8	3/8	2	1	1/8	1/8	1		3	57	A3	3	37
11	11	16	16	0.5	1/4	1/4	3/8	2	1	1/8	1/8	1		6	54	F#3	3	38
11	11	16	16	0.5	1/4	1/4	3/8	2	1	1/8	1/8	1		3	57	A3	3	38
12	12	33/2	33/2	0.5	0	0	3/8	2	1	1/8	1/8	1		-2	46	Bb2	2	40
12	12	33/2	33/2	1.5	0	0	3/8	1	1	3/8	1/4	3/2		0	84	C6	6	39
12	12	17	17	0.5	1/8	1/8	3/8	2	1	1/8	1/8	1		6	54	F#3	3	41
12	12	17	17	0.5	1/8	1/8	3/8	2	1	1/8	1/8	1		8	56	G#3	3	41
12	12	35/2	35/2	0.5	1/4	1/4	3/8	2	1	1/8	1/8	1		6	54	F#3	3	42
12	12	35/2	35/2	0.5	1/4	1/4	3/8	2	1	1/8	1/8	1		8	56	G#3	3	42
13	13	18	18	0.5	0	0	3/8	2	1	1/8	1/8	1		5	47	B2	2	49
13	13	18	18	0.25	0	0	3/8	1	1	1/16	1/16	1		4	88	E6	6	43
13	13	73/4	73/4	0.25	1/16	1/16	3/8	1	1	1/16	1/16	1		2	86	D6	6	44
13	13	37/2	37/2	0.5	1/8	1/8	3/8	2	1	1/8	1/8	1		2	50	D3	3	50
13	13	37/2	37/2	0.5	1/8	1/8	3/8	2	1	1/8	1/8	1		1	55	G3	3	50
13	13	37/2	37/2	0.25	1/8	1/8	3/8	1	1	1/16	1/16	1	-1	7	85	C#6	6	45
13	13	75/4	75/4	0.25	3/16	3/16	3/8	1	1	1/16	1/16	1		2	86	D6	6	46
13	13	19	19	0.5	1/4	1/4	3/8	2	1	1/8	1/8	1		2	50	D3	3	51
13	13	19	19	0.5	1/4	1/4	3/8	2	1	1/8	1/8	1		1	55	G3	3	51
13	13	19	19	0.25	1/4	1/4	3/8	1	1	1/16	1/16	1		5	83	B5	5	47
13	13	77/4	77/4	0.25	5/16	5/16	3/8	1	1	1/16	1/16	1	1	6	78	F#5	5	48
14	14	39/2	39/2	0.5	0	0	3/8	2	1	1/8	1/8	1		6	42	F#2	2	53
14	14	39/2	39/2	1.5	0	0	3/8	1	1	3/8	1/4	3/2	0	6	78	F#5	5	52
14	14	20	20	0.5	1/8	1/8	3/8	2	1	1/8	1/8	1		9	51	D#3	3	54
14	14	20	20	0.5	1/8	1/8	3/8	2	1	1/8	1/8	1		8	56	G#3	3	54
14	14	41/2	41/2	0.5	1/4	1/4	3/8	2	1	1/8	1/8	1		9	51	D#3	3	55
14	14	41/2	41/2	0.5	1/4	1/4	3/8	2	1	1/8	1/8	1		8	56	G#3	3	55
15	15	21	21	0.5	0	0	3/8	2	1	1/8	1/8	1		5	47	B2	2	57
15	15	21	21	1.5	0	0	3/8	1	1	3/8	1/4	3/2	0	6	78	F#5	5	56
15	15	43/2	43/2	0.5	1/8	1/8	3/8	2	1	1/8	1/8	1		2	50	D3	3	58
15	15	43/2	43/2	0.5	1/8	1/8	3/8	2	1	1/8	1/8	1		1	55	G3	3	58
15	15	22	22	0.5	1/4	1/4	3/8	2	1	1/8	1/8	1		2	50	D3	3	59
15	15	22	22	0.5	1/4	1/4	3/8	2	1	1/8	1/8	1		1	55	G3	3	59
16	16	45/2	45/2	0.5	0	0	3/8	2	1	1/8	1/8	1		6	42	F#2	2	61
16	16	45/2	45/2	1.5	0	0	3/8	1	1	3/8	1/4	3/2	-1	6	78	F#5	5	60
16	16	23	23	0.5	1/8	1/8	3/8	2	1	1/8	1/8	1		9	51	D#3	3	62
16	16	23	23	0.5	1/8	1/8	3/8	2	1	1/8	1/8	1		8	56	G#3	3	62
16	16	47/2	47/2	0.5	1/4	1/4	3/8	2	1	1/8	1/8	1		9	51	D#3	3	63
16	16	47/2	47/2	0.5	1/4	1/4	3/8	2	1	1/8	1/8	1		8	56	G#3	3	63
17	17	24	24	1.0	0	0	3/4	2	1	1/4	1/4	1		-2	46	Bb2	2	70
17	17	24	24	0.5	0	0	3/4	1	1	1/8	1/8	1		6	78	F#5	5	64
17	17	49/2	49/2	0.5	1/8	1/8	3/4	1	1	1/8	1/8	1		8	80	G#5	5	65
17	17	25	25	1.0	1/4	1/4	3/4	2	1	1/4	1/4	1		2	50	D3	3	71
17	17	25	25	1.0	1/4	1/4	3/4	2	1	1/4	1/4	1		-4	56	Ab3	3	71
17	17	25	25	1.0	1/4	1/4	3/4	2	1	1/4	1/4	1		-2	58	Bb3	3	71
17	17	25	25	0.5	1/4	1/4	3/4	1	1	1/8	1/8	1		-1	77	F5	5	66
17	17	51/2	51/2	0.5	3/8	3/8	3/4	1	1	1/8	1/8	1		-2	82	Bb5	5	67
17	17	26	26	0.5	1/2	1/2	3/4	1	1	1/8	1/8	1		1	79	G5	5	68
17	17	53/2	53/2	0.5	5/8	5/8	3/4	1	1	1/8	1/8	1		-3	75	Eb5	5	69
18	18	27	27	0.5	0	0	3/8	2	1	1/8	1/8	1		7	49	C#3	3	73
18	18	27	27	0.5	0	0	3/8	2	1	1/8	1/8	1		1	55	G3	3	73
18	18	27	27	1.5	0	0	3/8	1	1	3/8	1/4	3/2	1	5	71	B4	4	72
18	18	55/2	55/2	0.5	1/8	1/8	3/8	2	1	1/8	1/8	1		3	57	A3	3	74
18	18	55/2	55/2	0.5	1/8	1/8	3/8	2	1	1/8	1/8	1		-3	63	Eb4	4	74
18	18	28	28	0.5	1/4	1/4	3/8	2	1	1/8	1/8	1		3	57	A3	3	75
18	18	28	28	0.5	1/4	1/4	3/8	2	1	1/8	1/8	1		-3	63	Eb4	4	75
19	19	57/2	57/2	0.5	0	0	3/8	2	1	1/8	1/8	1		7	49	C#3	3	77
19	19	57/2	57/2	0.5	0	0	3/8	2	1	1/8	1/8	1		1	55	G3	3	77
19	19	57/2	57/2	1.5	0	0	3/8	1	1	3/8	1/4	3/2	0	5	71	B4	4	76
19	19	29	29	0.5	1/8	1/8	3/8	2	1	1/8	1/8	1		3	57	A3	3	78
19	19	29	29	0.5	1/8	1/8	3/8	2	1	1/8	1/8	1		-3	63	Eb4	4	78
19	19	59/2	59/2	0.5	1/4	1/4	3/8	2	1	1/8	1/8	1		3	57	A3	3	79
19	19	59/2	59/2	0.5	1/4	1/4	3/8	2	1	1/8	1/8	1		-3	63	Eb4	4	79
20	20	30	30	0.5	0	0	3/8	2	1	1/8	1/8	1		7	49	C#3	3	81
20	20	30	30	0.5	0	0	3/8	2	1	1/8	1/8	1		1	55	G3	3	81
20	20	30	30	1.5	0	0	3/8	1	1	3/8	1/4	3/2	0	5	71	B4	4	80
20	20	61/2	61/2	0.5	1/8	1/8	3/8	2	1	1/8	1/8	1		3	57	A3	3	82
20	20	61/2	61/2	0.5	1/8	1/8	3/8	2	1	1/8	1/8	1		-3	63	Eb4	4	82
20	20	31	31	0.5	1/4	1/4	3/8	2	1	1/8	1/8	1		3	57	A3	3	83
20	20	31	31	0.5	1/4	1/4	3/8	2	1	1/8	1/8	1		-3	63	Eb4	4	83
21	21	63/2	63/2	0.5	0	0	3/8	2	1	1/8	1/8	1		7	49	C#3	3	85
21	21	63/2	63/2	0.5	0	0	3/8	2	1	1/8	1/8	1		1	55	G3	3	85
21	21	63/2	63/2	1.5	0	0	3/8	1	1	3/8	1/4	3/2	0	5	71	B4	4	84
21	21	32	32	0.5	1/8	1/8	3/8	2	1	1/8	1/8	1		3	57	A3	3	86
21	21	32	32	0.5	1/8	1/8	3/8	2	1	1/8	1/8	1		-3	63	Eb4	4	86
21	21	65/2	65/2	0.5	1/4	1/4	3/8	2	1	1/8	1/8	1		3	57	A3	3	87
21	21	65/2	65/2	0.5	1/4	1/4	3/8	2	1	1/8	1/8	1		-3	63	Eb4	4	87
22	22	33	33	0.5	0	0	3/8	2	1	1/8	1/8	1		7	49	C#3	3	91
22	22	33	33	0.5	0	0	3/8	2	1	1/8	1/8	1		1	55	G3	3	91
22	22	33	33	1.0	0	0	3/8	1	1	1/4	1/4	1	0	5	71	B4	4	88
22	22	67/2	67/2	0.5	1/8	1/8	3/8	2	1	1/8	1/8	1		3	57	A3	3	92
22	22	67/2	67/2	0.5	1/8	1/8	3/8	2	1	1/8	1/8	1		-3	63	Eb4	4	92
22	22	34	34	0.5	1/4	1/4	3/8	2	1	1/8	1/8	1		3	57	A3	3	93
22	22	34	34	0.5	1/4	1/4	3/8	2	1	1/8	1/8	1		-3	63	Eb4	4	93
22	22	34	34	0.25	1/4	1/4	3/8	1	1	1/16	1/16	1	-1	5	71	B4	4	89
22	22	137/4	137/4	0.25	5/16	5/16	3/8	1	1	1/16	1/16	1		7	73	C#5	5	90
23	23	69/2	69/2	0.5	0	0	3/8	2	1	1/8	1/8	1		7	49	C#3	3	97
23	23	69/2	69/2	0.5	0	0	3/8	2	1	1/8	1/8	1		1	55	G3	3	97
23	23	69/2	69/2	1.0	0	0	3/8	1	1	1/4	1/4	1	1	5	71	B4	4	94
23	23	35	35	0.5	1/8	1/8	3/8	2	1	1/8	1/8	1		3	57	A3	3	98
23	23	35	35	0.5	1/8	1/8	3/8	2	1	1/8	1/8	1		-3	63	Eb4	4	98
23	23	71/2	71/2	0.5	1/4	1/4	3/8	2	1	1/8	1/8	1		3	57	A3	3	99
23	23	71/2	71/2	0.5	1/4	1/4	3/8	2	1	1/8	1/8	1		-3	63	Eb4	4	99
23	23	71/2	71/2	0.25	1/4	1/4	3/8	1	1	1/16	1/16	1	-1	5	71	B4	4	95
23	23	143/4	143/4	0.25	5/16	5/16	3/8	1	1	1/16	1/16	1		7	73	C#5	5	96
24	24	36	36	0.5	0	0	3/8	2	1	1/8	1/8	1		7	49	C#3	3	103
24	24	36	36	0.5	0	0	3/8	2	1	1/8	1/8	1		1	55	G3	3	103
24	24	36	36	1.0	0	0	3/8	1	1	1/4	1/4	1	1	5	71	B4	4	100
24	24	73/2	73/2	0.5	1/8	1/8	3/8	2	1	1/8	1/8	1		3	57	A3	3	104
24	24	73/2	73/2	0.5	1/8	1/8	3/8	2	1	1/8	1/8	1		-3	63	Eb4	4	104
24	24	37	37	0.5	1/4	1/4	3/8	2	1	1/8	1/8	1		3	57	A3	3	105
24	24	37	37	0.5	1/4	1/4	3/8	2	1	1/8	1/8	1		-3	63	Eb4	4	105
24	24	37	37	0.25	1/4	1/4	3/8	1	1	1/16	1/16	1	-1	5	71	B4	4	101
24	24	149/4	149/4	0.25	5/16	5/16	3/8	1	1	1/16	1/16	1		7	73	C#5	5	102
25	25	75/2	75/2	0.5	0	0	3/8	2	1	1/8	1/8	1		7	49	C#3	3	109
25	25	75/2	75/2	0.5	0	0	3/8	2	1	1/8	1/8	1		1	55	G3	3	109
25	25	75/2	75/2	1.0	0	0	3/8	1	1	1/4	1/4	1	1	5	71	B4	4	106
25	25	38	38	0.5	1/8	1/8	3/8	2	1	1/8	1/8	1		3	57	A3	3	110
25	25	38	38	0.5	1/8	1/8	3/8	2	1	1/8	1/8	1		-3	63	Eb4	4	110
25	25	77/2	77/2	0.5	1/4	1/4	3/8	2	1	1/8	1/8	1		3	57	A3	3	111
25	25	77/2	77/2	0.5	1/4	1/4	3/8	2	1	1/8	1/8	1		-3	63	Eb4	4	111
25	25	77/2	77/2	0.25	1/4	1/4	3/8	1	1	1/16	1/16	1	-1	5	71	B4	4	107
25	25	155/4	155/4	0.25	5/16	5/16	3/8	1	1	1/16	1/16	1		7	73	C#5	5	108
26	26	39	39	0.5	0	0	3/8	2	1	1/8	1/8	1		7	49	C#3	3	115
26	26	39	39	0.5	0	0	3/8	2	1	1/8	1/8	1		1	55	G3	3	115
26	26	39	39	1.0	0	0	3/8	1	1	1/4	1/4	1	1	5	71	B4	4	112
26	26	79/2	79/2	0.5	1/8	1/8	3/8	2	1	1/8	1/8	1		3	57	A3	3	116
26	26	79/2	79/2	0.5	1/8	1/8	3/8	2	1	1/8	1/8	1		-3	63	Eb4	4	116
26	26	40	40	0.5	1/4	1/4	3/8	2	1	1/8	1/8	1		3	57	A3	3	117
26	26	40	40	0.5	1/4	1/4	3/8	2	1	1/8	1/8	1		-3	63	Eb4	4	117
26	26	40	40	0.25	1/4	1/4	3/8	1	1	1/16	1/16	1	-1	5	71	B4	4	113
26	26	161/4	161/4	0.25	5/16	5/16	3/8	1	1	1/16	1/16	1		7	73	C#5	5	114
27	27	81/2	81/2	0.5	0	0	3/8	2	1	1/8	1/8	1		7	49	C#3	3	122
27	27	81/2	81/2	0.5	0	0	3/8	2	1	1/8	1/8	1		1	55	G3	3	122
27	27	81/2	81/2	0.375	0	0	3/8	1	1	3/32	1/8	3/4		5	71	B4	4	118
27	27	327/8	327/8	0.375	3/32	3/32	3/8	1	1	3/32	1/8	3/4		7	73	C#5	5	119
27	27	41	41	0.5	1/8	1/8	3/8	2	1	1/8	1/8	1		3	57	A3	3	123
27	27	41	41	0.5	1/8	1/8	3/8	2	1	1/8	1/8	1		-3	63	Eb4	4	123
27	27	165/4	165/4	0.375	3/16	3/16	3/8	1	1	3/32	1/8	3/4		9	75	D#5	5	120
27	27	83/2	83/2	0.5	1/4	1/4	3/8	2	1	1/8	1/8	1		3	57	A3	3	124
27	27	83/2	83/2	0.5	1/4	1/4	3/8	2	1	1/8	1/8	1		-3	63	Eb4	4	124
27	27	333/8	333/8	0.375	9/32	9/32	3/8	1	1	3/32	1/8	3/4		4	76	E5	5	121
28	28	42	42	0.5	0	0	3/8	2	1	1/8	1/8	1		7	49	C#3	3	129
28	28	42	42	0.5	0	0	3/8	2	1	1/8	1/8	1		1	55	G3	3	129
28	28	42	42	0.375	0	0	3/8	1	1	3/32	1/8	3/4		6	78	F#5	5	125
28	28	339/8	339/8	0.375	3/32	3/32	3/8	1	1	3/32	1/8	3/4		1	79	G5	5	126
28	28	85/2	85/2	0.5	1/8	1/8	3/8	2	1	1/8	1/8	1		3	57	A3	3	130
28	28	85/2	85/2	0.5	1/8	1/8	3/8	2	1	1/8	1/8	1		-3	63	Eb4	4	130
28	28	171/4	171/4	0.375	3/16	3/16	3/8	1	1	3/32	1/8	3/4		6	78	F#5	5	127
28	28	345/8	345/8	0.375	9/32	9/32	3/8	1	1	3/32	1/8	3/4		-1	77	F5	5	128
29	29	87/2	87/2	0.5	0	0	3/8	2	1	1/8	1/8	1		0	48	C3	3	135
29	29	87/2	87/2	0.75	0	0	3/8	1	1	3/16	1/8	3/2		4	76	E5	5	131
29	29	44	44	0.5	1/8	1/8	3/8	2	1	1/8	1/8	1		4	52	E3	3	136
29	29	44	44	0.5	1/8	1/8	3/8	2	1	1/8	1/8	1		1	55	G3	3	136
29	29	177/4	177/4	0.25	3/16	3/16	3/8	1	1	1/16	1/16	1		2	74	D5	5	132
29	29	89/2	89/2	0.5	1/4	1/4	3/8	2	1	1/8	1/8	1		4	52	E3	3	137
29	29	89/2	89/2	0.5	1/4	1/4	3/8	2	1	1/8	1/8	1		1	55	G3	3	137
29	29	89/2	89/2	0.25	1/4	1/4	3/8	1	1	1/16	1/16	1		1	79	G5	5	133
29	29	179/4	179/4	0.25	5/16	5/16	3/8	1	1	1/16	1/16	1		3	81	A5	5	134
30	30	45	45	0.5	0	0	3/8	2	1	1/8	1/8	1		1	43	G2	2	142
30	30	45	45	0.75	0	0	3/8	1	1	3/16	1/8	3/2		4	76	E5	5	138
30	30	91/2	91/2	0.5	1/8	1/8	3/8	2	1	1/8	1/8	1		4	52	E3	3	143
30	30	91/2	91/2	0.5	1/8	1/8	3/8	2	1	1/8	1/8	1		1	55	G3	3	143
30	30	183/4	183/4	0.25	3/16	3/16	3/8	1	1	1/16	1/16	1		2	74	D5	5	139
30	30	46	46	0.5	1/4	1/4	3/8	2	1	1/8	1/8	1		4	52	E3	3	144
30	30	46	46	0.5	1/4	1/4	3/8	2	1	1/8	1/8	1		1	55	G3	3	144
30	30	46	46	0.25	1/4	1/4	3/8	1	1	1/16	1/16	1		1	79	G5	5	140
30	30	185/4	185/4	0.25	5/16	5/16	3/8	1	1	1/16	1/16	1		3	81	A5	5	141
31	31	93/2	93/2	0.5	0	0	3/8	2	1	1/8	1/8	1		0	48	C3	3	149
31	31	93/2	93/2	0.75	0	0	3/8	1	1	3/16	1/8	3/2		4	76	E5	5	145
31	31	47	47	0.5	1/8	1/8	3/8	2	1	1/8	1/8	1		4	52	E3	3	150
31	31	47	47	0.5	1/8	1/8	3/8	2	1	1/8	1/8	1		1	55	G3	3	150
31	31	189/4	189/4	0.25	3/16	3/16	3/8	1	1	1/16	1/16	1		2	74	D5	5	146
31	31	95/2	95/2	0.5	1/4	1/4	3/8	2	1	1/8	1/8	1		4	52	E3	3	151
31	31	95/2	95/2	0.5	1/4	1/4	3/8	2	1	1/8	1/8	1		1	55	G3	3	151
31	31	95/2	95/2	0.25	1/4	1/4	3/8	1	1	1/16	1/16	1		1	79	G5	5	147
31	31	191/4	191/4	0.25	5/16	5/16	3/8	1	1	1/16	1/16	1		3	81	A5	5	148
32	32	48	48	0.5	0	0	3/8	2	1	1/8	1/8	1		1	43	G2	2	156
32	32	48	48	0.75	0	0	3/8	1	1	3/16	1/8	3/2		4	76	E5	5	152
32	32	97/2	97/2	0.5	1/8	1/8	3/8	2	1	1/8	1/8	1		4	52	E3	3	157
32	32	97/2	97/2	0.5	1/8	1/8	3/8	2	1	1/8	1/8	1		1	55	G3	3	157
32	32	195/4	195/4	0.25	3/16	3/16	3/8	1	1	1/16	1/16	1		2	74	D5	5	153
32	32	49	49	0.5	1/4	1/4	3/8	2	1	1/8	1/8	1		4	52	E3	3	158
32	32	49	49	0.5	1/4	1/4	3/8	2	1	1/8	1/8	1		1	55	G3	3	158
32	32	49	49	0.25	1/4	1/4	3/8	1	1	1/16	1/16	1		1	79	G5	5	154
32	32	197/4	197/4	0.25	5/16	5/16	3/8	1	1	1/16	1/16	1		3	81	A5	5	155
33	33	99/2	99/2	0.5	0	0	3/8	2	1	1/8	1/8	1		0	48	C3	3	163
33	33	99/2	99/2	0.75	0	0	3/8	1	1	3/16	1/8	3/2		4	76	E5	5	159
33	33	50	50	0.5	1/8	1/8	3/8	2	1	1/8	1/8	1		4	52	E3	3	164
33	33	50	50	0.5	1/8	1/8	3/8	2	1	1/8	1/8	1		1	55	G3	3	164
33	33	201/4	201/4	0.25	3/16	3/16	3/8	1	1	1/16	1/16	1		2	74	D5	5	160
33	33	101/2	101/2	0.5	1/4	1/4	3/8	2	1	1/8	1/8	1		4	52	E3	3	165
33	33	101/2	101/2	0.5	1/4	1/4	3/8	2	1	1/8	1/8	1		1	55	G3	3	165
33	33	101/2	101/2	0.25	1/4	1/4	3/8	1	1	1/16	1/16	1		1	79	G5	5	161
33	33	203/4	203/4	0.25	5/16	5/16	3/8	1	1	1/16	1/16	1		3	81	A5	5	162
34	34	51	51	0.5	0	0	3/8	2	1	1/8	1/8	1		1	43	G2	2	170
34	34	51	51	0.75	0	0	3/8	1	1	3/16	1/8	3/2		4	76	E5	5	166
34	34	103/2	103/2	0.5	1/8	1/8	3/8	2	1	1/8	1/8	1		4	52	E3	3	171
34	34	103/2	103/2	0.5	1/8	1/8	3/8	2	1	1/8	1/8	1		1	55	G3	3	171
34	34	207/4	207/4	0.25	3/16	3/16	3/8	1	1	1/16	1/16	1		2	74	D5	5	167
34	34	52	52	0.5	1/4	1/4	3/8	2	1	1/8	1/8	1		4	52	E3	3	172
34	34	52	52	0.5	1/4	1/4	3/8	2	1	1/8	1/8	1		1	55	G3	3	172
34	34	52	52	0.25	1/4	1/4	3/8	1	1	1/16	1/16	1		1	79	G5	5	168
34	34	209/4	209/4	0.25	5/16	5/16	3/8	1	1	1/16	1/16	1		3	81	A5	5	169
35	35	105/2	105/2	0.5	0	0	3/8	2	1	1/8	1/8	1		3	45	A2	2	177
35	35	105/2	105/2	0.75	0	0	3/8	1	1	3/16	1/8	3/2		4	76	E5	5	173
35	35	53	53	0.5	1/8	1/8	3/8	2	1	1/8	1/8	1		4	52	E3	3	178
35	35	53	53	0.5	1/8	1/8	3/8	2	1	1/8	1/8	1		1	55	G3	3	178
35	35	213/4	213/4	0.25	3/16	3/16	3/8	1	1	1/16	1/16	1		2	74	D5	5	174
35	35	107/2	107/2	0.5	1/4	1/4	3/8	2	1	1/8	1/8	1		4	52	E3	3	179
35	35	107/2	107/2	0.5	1/4	1/4	3/8	2	1	1/8	1/8	1		1	55	G3	3	179
35	35	107/2	107/2	0.25	1/4	1/4	3/8	1	1	1/16	1/16	1		1	79	G5	5	175
35	35	215/4	215/4	0.25	5/16	5/16	3/8	1	1	1/16	1/16	1		3	81	A5	5	176
36	36	54	54	0.5	0	0	3/8	2	1	1/8	1/8	1		0	36	C2	2	186
36	36	54	54	0.25	0	0	3/8	1	1	1/16	1/16	1		5	83	B5	5	180
36	36	217/4	217/4	0.25	1/16	1/16	3/8	1	1	1/16	1/16	1		3	81	A5	5	181
36	36	109/2	109/2	0.5	1/8	1/8	3/8	2	1	1/8	1/8	1		4	52	E3	3	187
36	36	109/2	109/2	0.5	1/8	1/8	3/8	2	1	1/8	1/8	1		1	55	G3	3	187
36	36	109/2	109/2	0.25	1/8	1/8	3/8	1	1	1/16	1/16	1		1	79	G5	5	182
36	36	219/4	219/4	0.25	3/16	3/16	3/8	1	1	1/16	1/16	1		4	76	E5	5	183
36	36	55	55	0.25	1/4	1/4	3/8	1	1	1/16	1/16	1		0	72	C5	5	184
36	36	221/4	221/4	0.25	5/16	5/16	3/8	1	1	1/16	1/16	1		1	67	G4	4	185
37	37	111/2	111/2	0.5	0	0	3/8	2	1	1/8	1/8	1		-1	53	F3	3	191
37	37	111/2	111/2	0.25	0	0	3/8	1	1	1/16	1/16	1		1	67	G4	4	188
37	37	223/4	223/4	0.25	1/16	1/16	3/8	1	1	1/16	1/16	1		3	69	A4	4	189
37	37	56	56	0.5	1/8	1/8	3/8	2	1	1/8	1/8	1		3	57	A3	3	192
37	37	56	56	0.5	1/8	1/8	3/8	2	1	1/8	1/8	1		7	61	C#4	4	192
37	37	56	56	1.0	1/8	1/8	3/8	1	1	1/4	1/4	1	1	3	69	A4	4	190
37	37	113/2	113/2	0.5	1/4	1/4	3/8	2	1	1/8	1/8	1		3	57	A3	3	193
37	37	113/2	113/2	0.5	1/4	1/4	3/8	2	1	1/8	1/8	1		7	61	C#4	4	193
38	38	57	57	0.5	0	0	3/8	2	1	1/8	1/8	1		5	47	B2	2	195
38	38	57	57	1.5	0	0	3/8	1	1	3/8	1/4	3/2	0	3	69	A4	4	194
38	38	115/2	115/2	0.5	1/8	1/8	3/8	2	1	1/8	1/8	1		3	57	A3	3	196
38	38	115/2	115/2	0.5	1/8	1/8	3/8	2	1	1/8	1/8	1		7	61	C#4	4	196
38	38	58	58	0.5	1/4	1/4	3/8	2	1	1/8	1/8	1		3	57	A3	3	197
38	38	58	58	0.5	1/4	1/4	3/8	2	1	1/8	1/8	1		7	61	C#4	4	197
39	39	117/2	117/2	0.5	0	0	3/8	2	1	1/8	1/8	1		-1	53	F3	3	199
39	39	117/2	117/2	1.5	0	0	3/8	1	1	3/8	1/4	3/2	0	3	69	A4	4	198
39	39	59	59	0.5	1/8	1/8	3/8	2	1	1/8	1/8	1		3	57	A3	3	200
39	39	59	59	0.5	1/8	1/8	3/8	2	1	1/8	1/8	1		7	61	C#4	4	200
39	39	119/2	119/2	0.5	1/4	1/4	3/8	2	1	1/8	1/8	1		3	57	A3	3	201
39	39	119/2	119/2	0.5	1/4	1/4	3/8	2	1	1/8	1/8	1		7	61	C#4	4	201
40	40	60	60	0.5	0	0	3/8	2	1	1/8	1/8	1		5	47	B2	2	203
40	40	60	60	1.5	0	0	3/8	1	1	3/8	1/4	3/2	0	3	69	A4	4	202
40	40	121/2	121/2	0.5	1/8	1/8	3/8	2	1	1/8	1/8	1		3	57	A3	3	204
40	40	121/2	121/2	0.5	1/8	1/8	3/8	2	1	1/8	1/8	1		7	61	C#4	4	204
40	40	61	61	0.5	1/4	1/4	3/8	2	1	1/8	1/8	1		3	57	A3	3	205
40	40	61	61	0.5	1/4	1/4	3/8	2	1	1/8	1/8	1		7	61	C#4	4	205
41	41	123/2	123/2	0.5	0	0	3/8	2	1	1/8	1/8	1		-1	53	F3	3	207
41	41	123/2	123/2	1.5	0	0	3/8	1	1	3/8	1/4	3/2	0	3	69	A4	4	206
41	41	62	62	0.5	1/8	1/8	3/8	2	1	1/8	1/8	1		3	57	A3	3	208
41	41	62	62	0.5	1/8	1/8	3/8	2	1	1/8	1/8	1		7	61	C#4	4	208
41	41	125/2	125/2	0.5	1/4	1/4	3/8	2	1	1/8	1/8	1		3	57	A3	3	209
41	41	125/2	125/2	0.5	1/4	1/4	3/8	2	1	1/8	1/8	1		7	61	C#4	4	209
42	42	63	63	0.5	0	0	3/8	2	1	1/8	1/8	1		5	47	B2	2	211
42	42	63	63	1.5	0	0	3/8	1	1	3/8	1/4	3/2	0	3	69	A4	4	210
42	42	127/2	127/2	0.5	1/8	1/8	3/8	2	1	1/8	1/8	1		3	57	A3	3	212
42	42	127/2	127/2	0.5	1/8	1/8	3/8	2	1	1/8	1/8	1		7	61	C#4	4	212
42	42	64	64	0.5	1/4	1/4	3/8	2	1	1/8	1/8	1		3	57	A3	3	213
42	42	64	64	0.5	1/4	1/4	3/8	2	1	1/8	1/8	1		7	61	C#4	4	213
43	43	129/2	129/2	0.5	0	0	3/8	2	1	1/8	1/8	1		-1	53	F3	3	215
43	43	129/2	129/2	1.5	0	0	3/8	1	1	3/8	1/4	3/2	-1	3	69	A4	4	214
43	43	65	65	0.5	1/8	1/8	3/8	2	1	1/8	1/8	1		3	57	A3	3	216
43	43	65	65	0.5	1/8	1/8	3/8	2	1	1/8	1/8	1		7	61	C#4	4	216
43	43	131/2	131/2	0.5	1/4	1/4	3/8	2	1	1/8	1/8	1		3	57	A3	3	217
43	43	131/2	131/2	0.5	1/4	1/4	3/8	2	1	1/8	1/8	1		7	61	C#4	4	217
44	44	66	66	0.5	0	0	3/8	2	1	1/8	1/8	1		5	47	B2	2	218
44	44	133/2	133/2	0.5	1/8	1/8	3/8	2	1	1/8	1/8	1		3	57	A3	3	219
44	44	133/2	133/2	0.5	1/8	1/8	3/8	2	1	1/8	1/8	1		7	61	C#4	4	219
44	44	67	67	0.5	1/4	1/4	3/8	2	1	1/8	1/8	1		3	57	A3	3	220
44	44	67	67	0.5	1/4	1/4	3/8	2	1	1/8	1/8	1		7	61	C#4	4	220
45	45	135/2	135/2	0.5	0	0	3/8	2	1	1/8	1/8	1		-1	53	F3	3	221
45	45	68	68	0.5	1/8	1/8	3/8	2	1	1/8	1/8	1		3	57	A3	3	222
45	45	68	68	0.5	1/8	1/8	3/8	2	1	1/8	1/8	1		7	61	C#4	4	222
45	45	137/2	137/2	0.5	1/4	1/4	3/8	2	1	1/8	1/8	1		3	57	A3	3	223
45	45	137/2	137/2	0.5	1/4	1/4	3/8	2	1	1/8	1/8	1		7	61	C#4	4	223
46	46	69	69	0.5	0	0	3/8	2	1	1/8	1/8	1		-4	56	Ab3	3	226
46	46	139/2	139/2	0.5	1/8	1/8	3/8	1	1	1/8	1/8	1		0	60	C4	4	224
46	46	139/2	139/2	0.5	1/8	1/8	3/8	1	1	1/8	1/8	1		4	64	E4	4	224
46	46	70	70	0.5	1/4	1/4	3/8	1	1	1/8	1/8	1		0	60	C4	4	225
46	46	70	70	0.5	1/4	1/4	3/8	1	1	1/8	1/8	1		4	64	E4	4	225
47	47	141/2	141/2	0.5	0	0	3/8	2	1	1/8	1/8	1		5	59	B3	3	229
47	47	71	71	0.5	1/8	1/8	3/8	1	1	1/8	1/8	1		-1	65	F4	4	227
47	47	71	71	0.5	1/8	1/8	3/8	1	1	1/8	1/8	1		3	69	A4	4	227
47	47	143/2	143/2	0.5	1/4	1/4	3/8	1	1	1/8	1/8	1		-1	65	F4	4	228
47	47	143/2	143/2	0.5	1/4	1/4	3/8	1	1	1/8	1/8	1		3	69	A4	4	228
48	48	72	72	0.5	0	0	3/8	2	1	1/8	1/8	1		6	54	F#3	3	232
48	48	145/2	145/2	0.5	1/8	1/8	3/8	1	1	1/8	1/8	1		-2	58	Bb3	3	230
48	48	145/2	145/2	0.5	1/8	1/8	3/8	1	1	1/8	1/8	1		2	62	D4	4	230
48	48	73	73	0.5	1/4	1/4	3/8	1	1	1/8	1/8	1		-2	58	Bb3	3	231
48	48	73	73	0.5	1/4	1/4	3/8	1	1	1/8	1/8	1		2	62	D4	4	231
49	49	147/2	147/2	0.5	0	0	3/8	2	1	1/8	1/8	1		3	57	A3	3	235
49	49	74	74	0.5	1/8	1/8	3/8	1	1	1/8	1/8	1		7	61	C#4	4	233
49	49	74	74	0.5	1/8	1/8	3/8	1	1	1/8	1/8	1		-1	65	F4	4	233
49	49	149/2	149/2	0.5	1/4	1/4	3/8	1	1	1/8	1/8	1		7	61	C#4	4	234
49	49	149/2	149/2	0.5	1/4	1/4	3/8	1	1	1/8	1/8	1		-1	65	F4	4	234
50	50	75	75	0.5	0	0	3/8	2	1	1/8	1/8	1		0	60	C4	4	238
50	50	151/2	151/2	0.5	1/8	1/8	3/8	1	1	1/8	1/8	1		-6	66	Gb4	4	236
50	50	151/2	151/2	0.5	1/8	1/8	3/8	1	1	1/8	1/8	1		-2	70	Bb4	4	236
50	50	76	76	0.5	1/4	1/4	3/8	1	1	1/8	1/8	1		-6	66	Gb4	4	237
50	50	76	76	0.5	1/4	1/4	3/8	1	1	1/8	1/8	1		-2	70	Bb4	4	237
51	51	153/2	153/2	0.5	0	0	3/8	1	2	1/8	1/8	1		-3	63	Eb4	4	241
51	51	77	77	0.5	1/8	1/8	3/8	1	1	1/8	1/8	1		3	69	A4	4	239
51	51	77	77	0.5	1/8	1/8	3/8	1	1	1/8	1/8	1		7	73	C#5	5	239
51	51	155/2	155/2	0.5	1/4	1/4	3/8	1	1	1/8	1/8	1		3	69	A4	4	240
51	51	155/2	155/2	0.5	1/4	1/4	3/8	1	1	1/8	1/8	1		7	73	C#5	5	240
52	52	78	78	0.5	0	0	3/8	2	1	1/8	1/8	1		-2	58	Bb3	3	244
52	52	157/2	157/2	0.5	1/8	1/8	3/8	1	1	1/8	1/8	1		-1	65	F4	4	242
52	52	157/2	157/2	0.5	1/8	1/8	3/8	1	1	1/8	1/8	1		-2	70	Bb4	4	242
52	52	79	79	0.5	1/4	1/4	3/8	1	1	1/8	1/8	1		-1	65	F4	4	243
52	52	79	79	0.5	1/4	1/4	3/8	1	1	1/8	1/8	1		-2	70	Bb4	4	243
53	53	159/2	159/2	0.5	0	0	3/8	1	2	1/8	1/8	1		-3	63	Eb4	4	247
53	53	80	80	0.5	1/8	1/8	3/8	1	1	1/8	1/8	1		3	69	A4	4	245
53	53	80	80	0.5	1/8	1/8	3/8	1	1	1/8	1/8	1		2	74	D5	5	245
53	53	161/2	161/2	0.5	1/4	1/4	3/8	1	1	1/8	1/8	1		3	69	A4	4	246
53	53	161/2	161/2	0.5	1/4	1/4	3/8	1	1	1/8	1/8	1		2	74	D5	5	246
54	54	81	81	0.5	0	0	3/8	1	2	1/8	1/8	1		8	68	G#4	4	250
54	54	163/2	163/2	0.5	1/8	1/8	3/8	1	1	1/8	1/8	1		7	73	C#5	5	248
54	54	163/2	163/2	0.5	1/8	1/8	3/8	1	1	1/8	1/8	1		6	78	F#5	5	248
54	54	82	82	0.5	1/4	1/4	3/8	1	1	1/8	1/8	1		7	73	C#5	5	249
54	54	82	82	0.5	1/4	1/4	3/8	1	1	1/8	1/8	1		6	78	F#5	5	249
55	55	165/2	165/2	0.5	0	0	3/8	1	2	1/8	1/8	1		5	71	B4	4	253
55	55	83	83	0.5	1/8	1/8	3/8	1	1	1/8	1/8	1		-1	77	F5	5	251
55	55	83	83	0.5	1/8	1/8	3/8	1	1	1/8	1/8	1		3	81	A5	5	251
55	55	167/2	167/2	0.5	1/4	1/4	3/8	1	1	1/8	1/8	1		-1	77	F5	5	252
55	55	167/2	167/2	0.5	1/4	1/4	3/8	1	1	1/8	1/8	1		3	81	A5	5	252
56	56	84	84	0.5	0	0	3/8	1	2	1/8	1/8	1		-3	75	Eb5	5	256
56	56	169/2	169/2	0.5	1/8	1/8	3/8	1	1	1/8	1/8	1		-4	80	Ab5	5	254
56	56	169/2	169/2	0.5	1/8	1/8	3/8	1	1	1/8	1/8	1		0	84	C6	6	254
56	56	85	85	0.5	1/4	1/4	3/8	1	1	1/8	1/8	1		-4	80	Ab5	5	255
56	56	85	85	0.5	1/4	1/4	3/8	1	1	1/8	1/8	1		0	84	C6	6	255
57	57	171/2	171/2	0.5	0	0	3/8	2	1	1/8	1/8	1		5	59	B3	3	259
57	57	86	86	0.5	1/8	1/8	3/8	1	1	1/8	1/8	1		-1	65	F4	4	257
57	57	86	86	0.5	1/8	1/8	3/8	1	1	1/8	1/8	1		3	69	A4	4	257
57	57	173/2	173/2	0.5	1/4	1/4	3/8	1	1	1/8	1/8	1		-1	65	F4	4	258
57	57	173/2	173/2	0.5	1/4	1/4	3/8	1	1	1/8	1/8	1		3	69	A4	4	258
58	58	87	87	0.5	0	0	3/8	1	2	1/8	1/8	1		-3	63	Eb4	4	262
58	58	175/2	175/2	0.5	1/8	1/8	3/8	1	1	1/8	1/8	1		-4	68	Ab4	4	260
58	58	175/2	175/2	0.5	1/8	1/8	3/8	1	1	1/8	1/8	1		0	72	C5	5	260
58	58	88	88	0.5	1/4	1/4	3/8	1	1	1/8	1/8	1		-4	68	Ab4	4	261
58	58	88	88	0.5	1/4	1/4	3/8	1	1	1/8	1/8	1		0	72	C5	5	261
59	59	177/2	177/2	0.5	0	0	3/8	2	1	1/8	1/8	1		6	66	F#4	4	263
59	59	89	89	0.5	1/8	1/8	3/8	2	1	1/8	1/8	1		5	71	B4	4	264
59	59	89	89	0.5	1/8	1/8	3/8	2	1	1/8	1/8	1		9	75	D#5	5	264
59	59	179/2	179/2	0.5	1/4	1/4	3/8	2	1	1/8	1/8	1		-2	70	Bb4	4	265
60	60	90	90	0.5	0	0	3/8	1	1	1/8	1/8	1		0	72	C5	5	266
60	60	90	90	0.5	0	0	3/8	1	1	1/8	1/8	1		4	76	E5	5	266
60	60	181/2	181/2	0.5	1/8	1/8	3/8	1	1	1/8	1/8	1		3	69	A4	4	267
60	60	91	91	0.5	1/4	1/4	3/8	1	1	1/8	1/8	1		7	73	C#5	5	268
60	60	91	91	0.5	1/4	1/4	3/8	1	1	1/8	1/8	1		-1	77	F5	5	268
61	61	183/2	183/2	0.5	0	0	3/8	2	1	1/8	1/8	1		-5	73	Db5	5	269
61	61	92	92	0.5	1/8	1/8	3/8	2	1	1/8	1/8	1		-3	75	Eb5	5	270
61	61	92	92	0.5	1/8	1/8	3/8	2	1	1/8	1/8	1		1	79	G5	5	270
61	61	185/2	185/2	0.5	1/4	1/4	3/8	2	1	1/8	1/8	1		0	72	C5	5	271
62	62	93	93	0.5	0	0	3/8	1	1	1/8	1/8	1		-1	77	F5	5	272
62	62	93	93	0.5	0	0	3/8	1	1	1/8	1/8	1		3	81	A5	5	272
62	62	187/2	187/2	0.5	1/8	1/8	3/8	1	1	1/8	1/8	1		4	76	E5	5	273
62	62	94	94	0.5	1/4	1/4	3/8	1	1	1/8	1/8	1		6	78	F#5	5	274
62	62	94	94	0.5	1/4	1/4	3/8	1	1	1/8	1/8	1		10	82	A#5	5	274
63	63	189/2	189/2	0.5	0	0	3/8	1	1	1/8	1/8	1		-3	75	Eb5	5	275
63	63	95	95	0.5	1/8	1/8	3/8	1	1	1/8	1/8	1		1	79	G5	5	276
63	63	95	95	0.5	1/8	1/8	3/8	1	1	1/8	1/8	1		5	83	B5	5	276
63	63	191/2	191/2	0.5	1/4	1/4	3/8	1	1	1/8	1/8	1		2	74	D5	5	277
64	64	96	96	0.5	0	0	3/8	1	1	1/8	1/8	1		-3	75	Eb5	5	278
64	64	96	96	0.5	0	0	3/8	1	1	1/8	1/8	1		1	79	G5	5	278
64	64	193/2	193/2	0.5	1/8	1/8	3/8	1	1	1/8	1/8	1		5	71	B4	4	279
64	64	97	97	0.5	1/4	1/4	3/8	1	1	1/8	1/8	1		4	76	E5	5	280
64	64	97	97	0.5	1/4	1/4	3/8	1	1	1/8	1/8	1		8	80	G#5	5	280
65	65	195/2	195/2	0.5	0	0	3/8	2	1	1/8	1/8	1		-4	68	Ab4	4	281
65	65	98	98	0.5	1/8	1/8	3/8	2	1	1/8	1/8	1		0	72	C5	5	282
65	65	98	98	0.5	1/8	1/8	3/8	2	1	1/8	1/8	1		2	74	D5	5	282
65	65	197/2	197/2	0.5	1/4	1/4	3/8	2	1	1/8	1/8	1		1	67	G4	4	283
66	66	99	99	0.5	0	0	3/8	2	1	1/8	1/8	1		5	71	B4	4	288
66	66	99	99	0.5	0	0	3/8	2	1	1/8	1/8	1		-3	75	Eb5	5	288
66	66	199/2	199/2	0.16666666666666666	1/8	1/8	3/8	1	1	1/24	1/16	2/3		3	81	A5	5	284
66	66	299/3	299/3	0.16666666666666666	1/6	1/6	3/8	1	1	1/24	1/16	2/3		5	83	B5	5	285
66	66	599/6	599/6	0.16666666666666666	5/24	5/24	3/8	1	1	1/24	1/16	2/3		3	81	A5	5	286
66	66	100	100	0.5	1/4	1/4	3/8	1	1	1/8	1/8	1		-4	80	Ab5	5	287
67	67	201/2	201/2	0.5	0	0	3/8	2	1	1/8	1/8	1		-3	63	Eb4	4	291
67	67	201/2	201/2	0.5	0	0	3/8	2	1	1/8	1/8	1		3	69	A4	4	291
67	67	201/2	201/2	0.5	0	0	3/8	1	1	1/8	1/8	1		0	84	C6	6	289
67	67	101	101	0.5	1/8	1/8	3/8	2	1	1/8	1/8	1		-2	70	Bb4	4	292
67	67	101	101	0.5	1/8	1/8	3/8	2	1	1/8	1/8	1		7	73	C#5	5	292
67	67	101	101	1.0	1/8	1/8	3/8	1	1	1/4	1/4	1	1	1	79	G5	5	290
67	67	203/2	203/2	0.5	1/4	1/4	3/8	2	1	1/8	1/8	1		-3	63	Eb4	4	293
67	67	203/2	203/2	0.5	1/4	1/4	3/8	2	1	1/8	1/8	1		3	69	A4	4	293
68	68	102	102	0.5	0	0	3/8	2	1	1/8	1/8	1		-2	70	Bb4	4	295
68	68	102	102	0.5	0	0	3/8	2	1	1/8	1/8	1		2	74	D5	5	295
68	68	102	102	1.5	0	0	3/8	1	1	3/8	1/4	3/2	0	1	79	G5	5	294
68	68	205/2	205/2	0.5	1/8	1/8	3/8	2	1	1/8	1/8	1		-3	63	Eb4	4	296
68	68	205/2	205/2	0.5	1/8	1/8	3/8	2	1	1/8	1/8	1		3	69	A4	4	296
68	68	103	103	0.5	1/4	1/4	3/8	2	1	1/8	1/8	1		-2	70	Bb4	4	297
68	68	103	103	0.5	1/4	1/4	3/8	2	1	1/8	1/8	1		7	73	C#5	5	297
69	69	207/2	207/2	0.5	0	0	3/8	2	1	1/8	1/8	1		-3	63	Eb4	4	299
69	69	207/2	207/2	0.5	0	0	3/8	2	1	1/8	1/8	1		3	69	A4	4	299
69	69	207/2	207/2	1.5	0	0	3/8	1	1	3/8	1/4	3/2	0	1	79	G5	5	298
69	69	104	104	0.5	1/8	1/8	3/8	2	1	1/8	1/8	1		-2	70	Bb4	4	300
69	69	104	104	0.5	1/8	1/8	3/8	2	1	1/8	1/8	1		2	74	D5	5	300
69	69	209/2	209/2	0.5	1/4	1/4	3/8	2	1	1/8	1/8	1		-3	63	Eb4	4	301
69	69	209/2	209/2	0.5	1/4	1/4	3/8	2	1	1/8	1/8	1		3	69	A4	4	301
70	70	105	105	0.5	0	0	3/8	2	1	1/8	1/8	1		-2	70	Bb4	4	307
70	70	105	105	0.5	0	0	3/8	2	1	1/8	1/8	1		7	73	C#5	5	307
70	70	105	105	0.5	0	0	3/8	1	1	1/8	1/8	1	-1	1	79	G5	5	302
70	70	211/2	211/2	0.16666666666666666	1/8	1/8	3/8	1	1	1/24	1/16	2/3		-6	78	Gb5	5	303
70	70	317/3	317/3	0.16666666666666666	1/6	1/6	3/8	1	1	1/24	1/16	2/3		-4	80	Ab5	5	304
70	70	635/6	635/6	0.16666666666666666	5/24	5/24	3/8	1	1	1/24	1/16	2/3		-6	78	Gb5	5	305
70	70	106	106	0.5	1/4	1/4	3/8	1	1	1/8	1/8	1		-1	77	F5	5	306
71	71	213/2	213/2	0.5	0	0	3/8	2	1	1/8	1/8	1		-5	61	Db4	4	310
71	71	213/2	213/2	0.5	0	0	3/8	2	1	1/8	1/8	1		1	67	G4	4	310
71	71	213/2	213/2	0.5	0	0	3/8	1	1	1/8	1/8	1		3	81	A5	5	308
71	71	107	107	0.5	1/8	1/8	3/8	2	1	1/8	1/8	1		-4	68	Ab4	4	311
71	71	107	107	0.5	1/8	1/8	3/8	2	1	1/8	1/8	1		5	71	B4	4	311
71	71	107	107	1.0	1/8	1/8	3/8	1	1	1/4	1/4	1	1	4	76	E5	5	309
71	71	215/2	215/2	0.5	1/4	1/4	3/8	2	1	1/8	1/8	1		-5	61	Db4	4	312
71	71	215/2	215/2	0.5	1/4	1/4	3/8	2	1	1/8	1/8	1		1	67	G4	4	312
72	72	108	108	0.5	0	0	3/8	2	1	1/8	1/8	1		-4	68	Ab4	4	314
72	72	108	108	0.5	0	0	3/8	2	1	1/8	1/8	1		0	72	C5	5	314
72	72	108	108	1.5	0	0	3/8	1	1	3/8	1/4	3/2	0	4	76	E5	5	313
72	72	217/2	217/2	0.5	1/8	1/8	3/8	2	1	1/8	1/8	1		-5	61	Db4	4	315
72	72	217/2	217/2	0.5	1/8	1/8	3/8	2	1	1/8	1/8	1		1	67	G4	4	315
72	72	109	109	0.5	1/4	1/4	3/8	2	1	1/8	1/8	1		-4	68	Ab4	4	316
72	72	109	109	0.5	1/4	1/4	3/8	2	1	1/8	1/8	1		5	71	B4	4	316
73	73	219/2	219/2	0.5	0	0	3/8	2	1	1/8	1/8	1		-5	61	Db4	4	318
73	73	219/2	219/2	0.5	0	0	3/8	2	1	1/8	1/8	1		1	67	G4	4	318
73	73	219/2	219/2	1.5	0	0	3/8	1	1	3/8	1/4	3/2	0	4	76	E5	5	317
73	73	110	110	0.5	1/8	1/8	3/8	2	1	1/8	1/8	1		-4	68	Ab4	4	319
73	73	110	110	0.5	1/8	1/8	3/8	2	1	1/8	1/8	1		0	72	C5	5	319
73	73	221/2	221/2	0.5	1/4	1/4	3/8	2	1	1/8	1/8	1		-5	61	Db4	4	320
73	73	221/2	221/2	0.5	1/4	1/4	3/8	2	1	1/8	1/8	1		1	67	G4	4	320
74	74	111	111	0.5	0	0	3/8	2	1	1/8	1/8	1		-4	68	Ab4	4	326
74	74	111	111	0.5	0	0	3/8	2	1	1/8	1/8	1		5	71	B4	4	326
74	74	111	111	0.5	0	0	3/8	1	1	1/8	1/8	1	-1	4	76	E5	5	321
74	74	223/2	223/2	0.16666666666666666	1/8	1/8	3/8	1	1	1/24	1/16	2/3		-3	75	Eb5	5	322
74	74	335/3	335/3	0.16666666666666666	1/6	1/6	3/8	1	1	1/24	1/16	2/3		-1	77	F5	5	323
74	74	671/6	671/6	0.16666666666666666	5/24	5/24	3/8	1	1	1/24	1/16	2/3		-3	75	Eb5	5	324
74	74	112	112	0.5	1/4	1/4	3/8	1	1	1/8	1/8	1		2	74	D5	5	325
75	75	225/2	225/2	0.5	0	0	3/8	2	1	1/8	1/8	1		3	57	A3	3	329
75	75	225/2	225/2	0.5	0	0	3/8	2	1	1/8	1/8	1		2	62	D4	4	329
75	75	225/2	225/2	0.5	0	0	3/8	1	1	1/8	1/8	1		6	78	F#5	5	327
75	75	113	113	0.5	1/8	1/8	3/8	2	1	1/8	1/8	1		-3	63	Eb4	4	330
75	75	113	113	0.5	1/8	1/8	3/8	2	1	1/8	1/8	1		1	67	G4	4	330
75	75	113	113	1.0	1/8	1/8	3/8	1	1	1/4	1/4	1	1	7	73	C#5	5	328
75	75	227/2	227/2	0.5	1/4	1/4	3/8	2	1	1/8	1/8	1		3	57	A3	3	331
75	75	227/2	227/2	0.5	1/4	1/4	3/8	2	1	1/8	1/8	1		2	62	D4	4	331
76	76	114	114	0.5	0	0	3/8	2	1	1/8	1/8	1		-3	63	Eb4	4	337
76	76	114	114	0.5	0	0	3/8	2	1	1/8	1/8	1		-4	68	Ab4	4	337
76	76	114	114	0.5	0	0	3/8	1	1	1/8	1/8	1	-1	7	73	C#5	5	332
76	76	229/2	229/2	0.5	1/8	1/8	3/8	2	1	1/8	1/8	1		3	57	A3	3	338
76	76	229/2	229/2	0.5	1/8	1/8	3/8	2	1	1/8	1/8	1		2	62	D4	4	338
76	76	229/2	229/2	0.16666666666666666	1/8	1/8	3/8	1	1	1/24	1/16	2/3		0	72	C5	5	333
76	76	344/3	344/3	0.16666666666666666	1/6	1/6	3/8	1	1	1/24	1/16	2/3		2	74	D5	5	334
76	76	689/6	689/6	0.16666666666666666	5/24	5/24	3/8	1	1	1/24	1/16	2/3		0	72	C5	5	335
76	76	115	115	0.5	1/4	1/4	3/8	1	1	1/8	1/8	1		5	71	B4	4	336
77	77	231/2	231/2	0.5	0	0	3/8	2	1	1/8	1/8	1		1	55	G3	3	341
77	77	231/2	231/2	0.5	0	0	3/8	2	1	1/8	1/8	1		0	60	C4	4	341
77	77	231/2	231/2	0.5	0	0	3/8	1	1	1/8	1/8	1		-3	75	Eb5	5	339
77	77	116	116	0.5	1/8	1/8	3/8	2	1	1/8	1/8	1		-5	61	Db4	4	342
77	77	116	116	0.5	1/8	1/8	3/8	2	1	1/8	1/8	1		4	64	E4	4	342
77	77	116	116	1.0	1/8	1/8	3/8	1	1	1/4	1/4	1	1	-2	70	Bb4	4	340
77	77	233/2	233/2	0.5	1/4	1/4	3/8	2	1	1/8	1/8	1		1	55	G3	3	343
77	77	233/2	233/2	0.5	1/4	1/4	3/8	2	1	1/8	1/8	1		0	60	C4	4	343
78	78	117	117	0.5	0	0	3/8	2	1	1/8	1/8	1		-5	61	Db4	4	349
78	78	117	117	0.5	0	0	3/8	2	1	1/8	1/8	1		-1	65	F4	4	349
78	78	117	117	0.5	0	0	3/8	1	1	1/8	1/8	1	-1	-2	70	Bb4	4	344
78	78	235/2	235/2	0.16666666666666666	1/8	1/8	3/8	1	1	1/24	1/16	2/3		3	69	A4	4	345
78	78	353/3	353/3	0.16666666666666666	1/6	1/6	3/8	1	1	1/24	1/16	2/3		5	71	B4	4	346
78	78	707/6	707/6	0.16666666666666666	5/24	5/24	3/8	1	1	1/24	1/16	2/3		3	69	A4	4	347
78	78	118	118	0.5	1/4	1/4	3/8	1	1	1/8	1/8	1		8	68	G#4	4	348
79	79	237/2	237/2	0.5	0	0	3/8	1	1	1/8	1/8	1		7	73	C#5	5	350
79	79	119	119	0.5	1/8	1/8	3/8	1	1	1/8	1/8	1		11	65	E#4	4	351
79	79	239/2	239/2	0.5	1/4	1/4	3/8	1	1	1/8	1/8	1		13	67	F##4	4	352
80	80	120	120	0.5	0	0	3/8	2	1	1/8	1/8	1		4	52	E3	3	356
80	80	120	120	0.5	0	0	3/8	2	1	1/8	1/8	1		7	61	C#4	4	356
80	80	120	120	0.5	0	0	3/8	1	1	1/8	1/8	1		15	69	G##4	4	353
80	80	241/2	241/2	0.5	1/8	1/8	3/8	2	1	1/8	1/8	1		8	56	G#3	3	357
80	80	241/2	241/2	0.5	1/8	1/8	3/8	2	1	1/8	1/8	1		4	64	E4	4	357
80	80	241/2	241/2	0.5	1/8	1/8	3/8	1	1	1/8	1/8	1		10	70	A#4	4	354
80	80	121	121	0.5	1/4	1/4	3/8	2	1	1/8	1/8	1		10	58	A#3	3	358
80	80	121	121	0.5	1/4	1/4	3/8	2	1	1/8	1/8	1		6	66	F#4	4	358
80	80	121	121	0.5	1/4	1/4	3/8	1	1	1/8	1/8	1		12	72	B#4	4	355
81	81	243/2	243/2	0.5	0	0	3/8	2	1	1/8	1/8	1		4	64	E4	4	362
81	81	243/2	243/2	0.5	0	0	3/8	2	1	1/8	1/8	1		1	67	G4	4	362
81	81	243/2	243/2	0.5	0	0	3/8	1	1	1/8	1/8	1		2	74	D5	5	359
81	81	122	122	0.5	1/8	1/8	3/8	2	1	1/8	1/8	1		7	61	C#4	4	363
81	81	122	122	0.5	1/8	1/8	3/8	2	1	1/8	1/8	1		8	68	G#4	4	363
81	81	122	122	0.5	1/8	1/8	3/8	1	1	1/8	1/8	1		4	76	E5	5	360
81	81	245/2	245/2	0.5	1/4	1/4	3/8	2	1	1/8	1/8	1		1	67	G4	4	364
81	81	245/2	245/2	0.5	1/4	1/4	3/8	2	1	1/8	1/8	1		5	71	B4	4	364
81	81	245/2	245/2	0.5	1/4	1/4	3/8	1	1	1/8	1/8	1		6	78	F#5	5	361
82	82	123	123	0.5	0	0	3/8	2	1	1/8	1/8	1		6	66	F#4	4	368
82	82	123	123	0.5	0	0	3/8	2	1	1/8	1/8	1		7	73	C#5	5	368
82	82	123	123	0.5	0	0	3/8	1	1	1/8	1/8	1		8	80	G#5	5	365
82	82	247/2	247/2	0.5	1/8	1/8	3/8	2	1	1/8	1/8	1		5	71	B4	4	369
82	82	247/2	247/2	0.5	1/8	1/8	3/8	2	1	1/8	1/8	1		4	76	E5	5	369
82	82	247/2	247/2	0.5	1/8	1/8	3/8	1	1	1/8	1/8	1		10	82	A#5	5	366
82	82	124	124	0.5	1/4	1/4	3/8	2	1	1/8	1/8	1		8	68	G#4	4	370
82	82	124	124	0.5	1/4	1/4	3/8	2	1	1/8	1/8	1		9	75	D#5	5	370
82	82	124	124	0.5	1/4	1/4	3/8	1	1	1/8	1/8	1		5	83	B5	5	367
83	83	249/2	249/2	1.0	0	0	3/8	1	1	1/4	1/4	1		10	82	A#5	5	371
83	83	249/2	249/2	1.0	0	0	3/8	1	1	1/4	1/4	1		7	85	C#6	6	371
83	83	125	125	1.0	1/8	1/8	3/8	2	1	1/4	1/4	1		6	54	F#3	3	373
83	83	251/2	251/2	0.5	1/4	1/4	3/8	1	1	1/8	1/8	1	1	0	84	C6	6	372
83	83	251/2	251/2	0.5	1/4	1/4	3/8	1	1	1/8	1/8	1	1	4	88	E6	6	372
84	84	126	126	1.0	0	0	3/8	2	1	1/4	1/4	1		3	57	A3	3	376
84	84	126	126	0.5	0	0	3/8	1	1	1/8	1/8	1	-1	0	84	C6	6	374
84	84	126	126	0.5	0	0	3/8	1	1	1/8	1/8	1	-1	4	88	E6	6	374
84	84	253/2	253/2	1.0	1/8	1/8	3/8	1	1	1/4	1/4	1		5	83	B5	5	375
84	84	253/2	253/2	1.0	1/8	1/8	3/8	1	1	1/4	1/4	1		9	87	D#6	6	375
84	84	127	127	0.5	1/4	1/4	3/8	2	1	1/8	1/8	1	1	5	59	B3	3	377
85	85	255/2	255/2	0.5	0	0	3/8	2	1	1/8	1/8	1	-1	5	59	B3	3	380
85	85	255/2	255/2	1.0	0	0	3/8	1	1	1/4	1/4	1		-2	82	Bb5	5	378
85	85	255/2	255/2	1.0	0	0	3/8	1	1	1/4	1/4	1		2	86	D6	6	378
85	85	128	128	1.0	1/8	1/8	3/8	2	1	1/4	1/4	1		0	60	C4	4	381
85	85	257/2	257/2	0.5	1/4	1/4	3/8	1	1	1/8	1/8	1	1	1	79	G5	5	379
85	85	257/2	257/2	0.5	1/4	1/4	3/8	1	1	1/8	1/8	1	1	5	83	B5	5	379
86	86	129	129	1.0	0	0	3/8	2	1	1/4	1/4	1		-3	63	Eb4	4	384
86	86	129	129	0.5	0	0	3/8	1	1	1/8	1/8	1	-1	1	79	G5	5	382
86	86	129	129	0.5	0	0	3/8	1	1	1/8	1/8	1	-1	5	83	B5	5	382
86	86	259/2	259/2	1.0	1/8	1/8	3/8	1	1	1/4	1/4	1	1	-4	80	Ab5	5	383
86	86	259/2	259/2	1.0	1/8	1/8	3/8	1	1	1/4	1/4	1	1	0	84	C6	6	383
86	86	130	130	0.5	1/4	1/4	3/8	2	1	1/8	1/8	1		-6	66	Gb4	4	385
87	87	261/2	261/2	0.5	0	0	3/8	2	1	1/8	1/8	1		-1	65	F4	4	387
87	87	261/2	261/2	1.5	0	0	3/8	1	1	3/8	1/4	3/2	0	-4	80	Ab5	5	386
87	87	261/2	261/2	1.5	0	0	3/8	1	1	3/8	1/4	3/2	0	0	84	C6	6	386
87	87	131	131	0.5	1/8	1/8	3/8	2	1	1/8	1/8	1		2	62	D4	4	388
87	87	263/2	263/2	0.5	1/4	1/4	3/8	2	1	1/8	1/8	1		5	59	B3	3	389
88	88	132	132	0.5	0	0	3/8	2	1	1/8	1/8	1		-2	58	Bb3	3	391
88	88	132	132	1.5	0	0	3/8	1	1	3/8	1/4	3/2	0	-4	80	Ab5	5	390
88	88	132	132	1.5	0	0	3/8	1	1	3/8	1/4	3/2	0	0	84	C6	6	390
88	88	265/2	265/2	0.5	1/8	1/8	3/8	2	1	1/8	1/8	1		-6	54	Gb3	3	392
88	88	133	133	0.5	1/4	1/4	3/8	2	1	1/8	1/8	1		-3	51	Eb3	3	393
89	89	267/2	267/2	0.5	0	0	3/8	2	1	1/8	1/8	1		-5	49	Db3	3	395
89	89	267/2	267/2	1.5	0	0	3/8	1	1	3/8	1/4	3/2	0	-4	80	Ab5	5	394
89	89	267/2	267/2	1.5	0	0	3/8	1	1	3/8	1/4	3/2	0	0	84	C6	6	394
89	89	134	134	0.5	1/8	1/8	3/8	2	1	1/8	1/8	1		-4	44	Ab2	2	396
89	89	269/2	269/2	0.5	1/4	1/4	3/8	2	1	1/8	1/8	1		-8	40	Fb2	2	397
90	90	135	135	0.5	0	0	3/8	2	1	1/8	1/8	1		-10	38	Ebb2	2	399
90	90	135	135	1.5	0	0	3/8	1	1	3/8	1/4	3/2	0	-4	80	Ab5	5	398
90	90	135	135	1.5	0	0	3/8	1	1	3/8	1/4	3/2	0	0	84	C6	6	398
90	90	271/2	271/2	0.5	1/8	1/8	3/8	2	1	1/8	1/8	1		-5	37	Db2	2	400
90	90	136	136	0.5	1/4	1/4	3/8	2	1	1/8	1/8	1		0	36	C2	2	401
91	91	273/2	273/2	0.5	0	0	3/8	2	1	1/8	1/8	1		-2	34	Bb1	1	403
91	91	273/2	273/2	1.5	0	0	3/8	1	1	3/8	1/4	3/2	-1	-4	80	Ab5	5	402
91	91	273/2	273/2	1.5	0	0	3/8	1	1	3/8	1/4	3/2	-1	0	84	C6	6	402
91	91	137	137	0.5	1/8	1/8	3/8	2	1	1/8	1/8	1		-4	32	Ab1	1	404
91	91	275/2	275/2	0.5	1/4	1/4	3/8	2	1	1/8	1/8	1		1	31	G1	1	405
92	92	138	138	0.5	0	0	3/8	2	1	1/8	1/8	1		-6	30	Gb1	1	410
92	92	277/2	277/2	0.5	1/8	1/8	3/8	2	1	1/8	1/8	1		-1	29	F1	1	411
92	92	277/2	277/2	0.16666666666666666	1/8	1/8	3/8	1	1	1/24	1/16	2/3		2	86	D6	6	406
92	92	416/3	416/3	0.16666666666666666	1/6	1/6	3/8	1	1	1/24	1/16	2/3		4	88	E6	6	407
92	92	833/6	833/6	0.16666666666666666	5/24	5/24	3/8	1	1	1/24	1/16	2/3		2	86	D6	6	408
92	92	139	139	0.5	1/4	1/4	3/8	1	1	1/8	1/8	1		7	85	C#6	6	409
93	93	279/2	279/2	0.5	0	0	3/8	1	1	1/8	1/8	1		-1	89	F6	6	412
93	93	140	140	0.5	1/8	1/8	3/8	2	1	1/8	1/8	1		-4	68	Ab4	4	414
93	93	140	140	0.5	1/8	1/8	3/8	2	1	1/8	1/8	1		2	74	D5	5	414
93	93	140	140	1.0	1/8	1/8	3/8	1	1	1/4	1/4	1	1	5	83	B5	5	413
93	93	281/2	281/2	0.5	1/4	1/4	3/8	2	1	1/8	1/8	1		-3	75	Eb5	5	415
93	93	281/2	281/2	0.5	1/4	1/4	3/8	2	1	1/8	1/8	1		1	79	G5	5	415
94	94	141	141	0.5	0	0	3/8	2	1	1/8	1/8	1		-4	68	Ab4	4	417
94	94	141	141	0.5	0	0	3/8	2	1	1/8	1/8	1		2	74	D5	5	417
94	94	141	141	1.5	0	0	3/8	1	1	3/8	1/4	3/2	0	5	83	B5	5	416
94	94	283/2	283/2	0.5	1/8	1/8	3/8	2	1	1/8	1/8	1		-3	75	Eb5	5	418
94	94	283/2	283/2	0.5	1/8	1/8	3/8	2	1	1/8	1/8	1		6	78	F#5	5	418
94	94	142	142	0.5	1/4	1/4	3/8	2	1	1/8	1/8	1		-4	68	Ab4	4	419
94	94	142	142	0.5	1/4	1/4	3/8	2	1	1/8	1/8	1		2	74	D5	5	419
95	95	285/2	285/2	0.5	0	0	3/8	2	1	1/8	1/8	1		-3	75	Eb5	5	421
95	95	285/2	285/2	0.5	0	0	3/8	2	1	1/8	1/8	1		1	79	G5	5	421
95	95	285/2	285/2	1.5	0	0	3/8	1	1	3/8	1/4	3/2	0	5	83	B5	5	420
95	95	143	143	0.5	1/8	1/8	3/8	2	1	1/8	1/8	1		-4	68	Ab4	4	422
95	95	143	143	0.5	1/8	1/8	3/8	2	1	1/8	1/8	1		2	74	D5	5	422
95	95	287/2	287/2	0.5	1/4	1/4	3/8	2	1	1/8	1/8	1		-3	75	Eb5	5	423
95	95	287/2	287/2	0.5	1/4	1/4	3/8	2	1	1/8	1/8	1		6	78	F#5	5	423
96	96	144	144	0.5	0	0	3/8	2	1	1/8	1/8	1		-4	68	Ab4	4	429
96	96	144	144	0.5	0	0	3/8	2	1	1/8	1/8	1		2	74	D5	5	429
96	96	144	144	0.5	0	0	3/8	1	1	1/8	1/8	1	-1	5	83	B5	5	424
96	96	289/2	289/2	0.5	1/8	1/8	3/8	2	1	1/8	1/8	1		-3	75	Eb5	5	430
96	96	289/2	289/2	0.5	1/8	1/8	3/8	2	1	1/8	1/8	1		1	79	G5	5	430
96	96	289/2	289/2	0.16666666666666666	1/8	1/8	3/8	1	1	1/24	1/16	2/3		-2	82	Bb5	5	425
96	96	434/3	434/3	0.16666666666666666	1/6	1/6	3/8	1	1	1/24	1/16	2/3		0	84	C6	6	426
96	96	869/6	869/6	0.16666666666666666	5/24	5/24	3/8	1	1	1/24	1/16	2/3		-2	82	Bb5	5	427
96	96	145	145	0.5	1/4	1/4	3/8	1	1	1/8	1/8	1		3	81	A5	5	428
97	97	291/2	291/2	0.5	0	0	3/8	1	1	1/8	1/8	1		0	84	C6	6	431
97	97	146	146	0.5	1/8	1/8	3/8	2	1	1/8	1/8	1		-3	63	Eb4	4	433
97	97	146	146	0.5	1/8	1/8	3/8	2	1	1/8	1/8	1		3	69	A4	4	433
97	97	146	146	1.0	1/8	1/8	3/8	1	1	1/4	1/4	1	1	6	78	F#5	5	432
97	97	293/2	293/2	0.5	1/4	1/4	3/8	2	1	1/8	1/8	1		-2	70	Bb4	4	434
97	97	293/2	293/2	0.5	1/4	1/4	3/8	2	1	1/8	1/8	1		2	74	D5	5	434
98	98	147	147	0.5	0	0	3/8	2	1	1/8	1/8	1		-3	63	Eb4	4	436
98	98	147	147	0.5	0	0	3/8	2	1	1/8	1/8	1		3	69	A4	4	436
98	98	147	147	1.5	0	0	3/8	1	1	3/8	1/4	3/2	0	6	78	F#5	5	435
98	98	295/2	295/2	0.5	1/8	1/8	3/8	2	1	1/8	1/8	1		-2	70	Bb4	4	437
98	98	295/2	295/2	0.5	1/8	1/8	3/8	2	1	1/8	1/8	1		7	73	C#5	5	437
98	98	148	148	0.5	1/4	1/4	3/8	2	1	1/8	1/8	1		-3	63	Eb4	4	438
98	98	148	148	0.5	1/4	1/4	3/8	2	1	1/8	1/8	1		3	69	A4	4	438
99	99	297/2	297/2	0.5	0	0	3/8	2	1	1/8	1/8	1		-2	70	Bb4	4	440
99	99	297/2	297/2	0.5	0	0	3/8	2	1	1/8	1/8	1		2	74	D5	5	440
99	99	297/2	297/2	1.5	0	0	3/8	1	1	3/8	1/4	3/2	0	6	78	F#5	5	439
99	99	149	149	0.5	1/8	1/8	3/8	2	1	1/8	1/8	1		-3	63	Eb4	4	441
99	99	149	149	0.5	1/8	1/8	3/8	2	1	1/8	1/8	1		3	69	A4	4	441
99	99	299/2	299/2	0.5	1/4	1/4	3/8	2	1	1/8	1/8	1		-2	70	Bb4	4	442
99	99	299/2	299/2	0.5	1/4	1/4	3/8	2	1	1/8	1/8	1		7	73	C#5	5	442
100	100	150	150	0.5	0	0	3/8	2	1	1/8	1/8	1		-3	63	Eb4	4	448
100	100	150	150	0.5	0	0	3/8	2	1	1/8	1/8	1		3	69	A4	4	448
100	100	150	150	0.5	0	0	3/8	1	1	1/8	1/8	1	-1	6	78	F#5	5	443
100	100	301/2	301/2	0.5	1/8	1/8	3/8	2	1	1/8	1/8	1		-2	70	Bb4	4	449
100	100	301/2	301/2	0.5	1/8	1/8	3/8	2	1	1/8	1/8	1		2	74	D5	5	449
100	100	301/2	301/2	0.16666666666666666	1/8	1/8	3/8	1	1	1/24	1/16	2/3		-1	77	F5	5	444
100	100	452/3	452/3	0.16666666666666666	1/6	1/6	3/8	1	1	1/24	1/16	2/3		1	79	G5	5	445
100	100	905/6	905/6	0.16666666666666666	5/24	5/24	3/8	1	1	1/24	1/16	2/3		-1	77	F5	5	446
100	100	151	151	0.5	1/4	1/4	3/8	1	1	1/8	1/8	1		4	76	E5	5	447
101	101	303/2	303/2	0.5	0	0	3/8	1	1	1/8	1/8	1		3	81	A5	5	450
101	101	152	152	0.5	1/8	1/8	3/8	2	1	1/8	1/8	1		0	60	C4	4	452
101	101	152	152	0.5	1/8	1/8	3/8	2	1	1/8	1/8	1		6	66	F#4	4	452
101	101	152	152	1.0	1/8	1/8	3/8	1	1	1/4	1/4	1	1	-3	75	Eb5	5	451
101	101	305/2	305/2	0.5	1/4	1/4	3/8	2	1	1/8	1/8	1		1	67	G4	4	453
101	101	305/2	305/2	0.5	1/4	1/4	3/8	2	1	1/8	1/8	1		5	71	B4	4	453
102	102	153	153	0.5	0	0	3/8	2	1	1/8	1/8	1		5	59	B3	3	459
102	102	153	153	0.5	0	0	3/8	2	1	1/8	1/8	1		-1	65	F4	4	459
102	102	153	153	0.5	0	0	3/8	1	1	1/8	1/8	1	-1	-3	75	Eb5	5	454
102	102	307/2	307/2	0.5	1/8	1/8	3/8	2	1	1/8	1/8	1		-6	66	Gb4	4	460
102	102	307/2	307/2	0.5	1/8	1/8	3/8	2	1	1/8	1/8	1		-2	70	Bb4	4	460
102	102	307/2	307/2	0.16666666666666666	1/8	1/8	3/8	1	1	1/24	1/16	2/3		2	74	D5	5	455
102	102	461/3	461/3	0.16666666666666666	1/6	1/6	3/8	1	1	1/24	1/16	2/3		-3	75	Eb5	5	456
102	102	923/6	923/6	0.16666666666666666	5/24	5/24	3/8	1	1	1/24	1/16	2/3		2	74	D5	5	457
102	102	154	154	0.5	1/4	1/4	3/8	1	1	1/8	1/8	1		7	73	C#5	5	458
103	103	309/2	309/2	0.5	0	0	3/8	1	1	1/8	1/8	1		-1	77	F5	5	461
103	103	155	155	0.5	1/8	1/8	3/8	2	1	1/8	1/8	1		3	57	A3	3	463
103	103	155	155	0.5	1/8	1/8	3/8	2	1	1/8	1/8	1		-3	63	Eb4	4	463
103	103	155	155	1.0	1/8	1/8	3/8	1	1	1/4	1/4	1		5	71	B4	4	462
103	103	311/2	311/2	0.5	1/4	1/4	3/8	2	1	1/8	1/8	1		4	64	E4	4	464
103	103	311/2	311/2	0.5	1/4	1/4	3/8	2	1	1/8	1/8	1		1	67	G4	4	464
104	104	156	156	0.5	0	0	3/8	2	1	1/8	1/8	1		8	56	G#3	3	469
104	104	156	156	0.5	0	0	3/8	2	1	1/8	1/8	1		2	62	D4	4	469
104	104	313/2	313/2	0.5	1/8	1/8	3/8	2	1	1/8	1/8	1		-3	63	Eb4	4	470
104	104	313/2	313/2	0.5	1/8	1/8	3/8	2	1	1/8	1/8	1		-6	66	Gb4	4	470
104	104	313/2	313/2	0.16666666666666666	1/8	1/8	3/8	1	1	1/24	1/16	2/3		-2	70	Bb4	4	465
104	104	470/3	470/3	0.16666666666666666	1/6	1/6	3/8	1	1	1/24	1/16	2/3		0	72	C5	5	466
104	104	941/6	941/6	0.16666666666666666	5/24	5/24	3/8	1	1	1/24	1/16	2/3		-2	70	Bb4	4	467
104	104	157	157	0.5	1/4	1/4	3/8	1	1	1/8	1/8	1		3	69	A4	4	468
105	105	315/2	315/2	0.5	0	0	3/8	1	1	1/8	1/8	1		2	74	D5	5	471
105	105	158	158	0.5	1/8	1/8	3/8	2	1	1/8	1/8	1		-1	53	F3	3	474
105	105	158	158	0.5	1/8	1/8	3/8	2	1	1/8	1/8	1		2	62	D4	4	474
105	105	158	158	0.5	1/8	1/8	3/8	1	1	1/8	1/8	1		8	68	G#4	4	472
105	105	317/2	317/2	0.5	1/4	1/4	3/8	2	1	1/8	1/8	1		8	56	G#3	3	475
105	105	317/2	317/2	0.5	1/4	1/4	3/8	2	1	1/8	1/8	1		4	64	E4	4	475
105	105	317/2	317/2	0.5	1/4	1/4	3/8	1	1	1/8	1/8	1		5	71	B4	4	473
106	106	159	159	0.5	0	0	3/8	2	1	1/8	1/8	1		5	59	B3	3	479
106	106	159	159	0.5	0	0	3/8	2	1	1/8	1/8	1		6	66	F#4	4	479
106	106	159	159	0.5	0	0	3/8	1	1	1/8	1/8	1		7	73	C#5	5	476
106	106	319/2	319/2	0.5	1/8	1/8	3/8	2	1	1/8	1/8	1		4	64	E4	4	480
106	106	319/2	319/2	0.5	1/8	1/8	3/8	2	1	1/8	1/8	1		8	68	G#4	4	480
106	106	319/2	319/2	0.5	1/8	1/8	3/8	1	1	1/8	1/8	1		9	75	D#5	5	477
106	106	160	160	0.5	1/4	1/4	3/8	2	1	1/8	1/8	1		9	63	D#4	4	481
106	106	160	160	0.5	1/4	1/4	3/8	2	1	1/8	1/8	1		10	70	A#4	4	481
106	106	160	160	0.5	1/4	1/4	3/8	1	1	1/8	1/8	1		4	76	E5	5	478
107	107	321/2	321/2	0.5	0	0	3/8	2	1	1/8	1/8	1		-4	68	Ab4	4	485
107	107	321/2	321/2	0.5	0	0	3/8	2	1	1/8	1/8	1		0	72	C5	5	485
107	107	321/2	321/2	0.5	0	0	3/8	1	1	1/8	1/8	1		6	78	F#5	5	482
107	107	161	161	0.5	1/8	1/8	3/8	2	1	1/8	1/8	1		1	67	G4	4	486
107	107	161	161	0.5	1/8	1/8	3/8	2	1	1/8	1/8	1		2	74	D5	5	486
107	107	161	161	0.5	1/8	1/8	3/8	1	1	1/8	1/8	1		1	79	G5	5	483
107	107	323/2	323/2	0.5	1/4	1/4	3/8	2	1	1/8	1/8	1		0	72	C5	5	487
107	107	323/2	323/2	0.5	1/4	1/4	3/8	2	1	1/8	1/8	1		4	76	E5	5	487
107	107	323/2	323/2	0.5	1/4	1/4	3/8	1	1	1/8	1/8	1		3	81	A5	5	484
108	108	162	162	0.5	0	0	3/8	2	1	1/8	1/8	1		-5	73	Db5	5	491
108	108	162	162	0.5	0	0	3/8	2	1	1/8	1/8	1		-1	77	F5	5	491
108	108	162	162	0.5	0	0	3/8	1	1	1/8	1/8	1		-2	82	Bb5	5	488
108	108	325/2	325/2	0.5	1/8	1/8	3/8	2	1	1/8	1/8	1		0	72	C5	5	492
108	108	325/2	325/2	0.5	1/8	1/8	3/8	2	1	1/8	1/8	1		1	79	G5	5	492
108	108	325/2	325/2	0.5	1/8	1/8	3/8	1	1	1/8	1/8	1		0	84	C6	6	489
108	108	163	163	0.5	1/4	1/4	3/8	2	1	1/8	1/8	1		-2	70	Bb4	4	493
108	108	163	163	0.5	1/4	1/4	3/8	2	1	1/8	1/8	1		-1	77	F5	5	493
108	108	163	163	0.5	1/4	1/4	3/8	1	1	1/8	1/8	1		2	86	D6	6	490
109	109	327/2	327/2	1.0	0	0	3/8	1	1	1/4	1/4	1		5	83	B5	5	494
109	109	327/2	327/2	1.0	0	0	3/8	1	1	1/4	1/4	1		9	87	D#6	6	494
109	109	164	164	1.0	1/8	1/8	3/8	2	1	1/4	1/4	1		8	68	G#4	4	496
109	109	329/2	329/2	0.5	1/4	1/4	3/8	1	1	1/8	1/8	1		4	88	E6	6	495
109	109	329/2	329/2	0.5	1/4	1/4	3/8	1	1	1/8	1/8	1		8	92	G#6	6	495
110	110	165	165	1.0	0	0	3/8	2	1	1/4	1/4	1		10	58	A#3	3	499
110	110	165	165	0.5	0	0	3/8	1	1	1/8	1/8	1		4	88	E6	6	497
110	110	165	165	0.5	0	0	3/8	1	1	1/8	1/8	1		8	92	G#6	6	497
110	110	331/2	331/2	1.0	1/8	1/8	3/8	1	1	1/4	1/4	1		2	86	D6	6	498
110	110	331/2	331/2	1.0	1/8	1/8	3/8	1	1	1/4	1/4	1		6	90	F#6	6	498
110	110	166	166	0.5	1/4	1/4	3/8	2	1	1/8	1/8	1	1	5	59	B3	3	500
111	111	333/2	333/2	0.5	0	0	3/8	2	1	1/8	1/8	1	-1	5	59	B3	3	503
111	111	333/2	333/2	1.0	0	0	3/8	1	1	1/4	1/4	1		7	85	C#6	6	501
111	111	333/2	333/2	1.0	0	0	3/8	1	1	1/4	1/4	1		11	89	E#6	6	501
111	111	167	167	1.0	1/8	1/8	3/8	2	1	1/4	1/4	1		7	61	C#4	4	504
111	111	335/2	335/2	0.5	1/4	1/4	3/8	1	1	1/8	1/8	1	1	10	82	A#5	5	502
111	111	335/2	335/2	0.5	1/4	1/4	3/8	1	1	1/8	1/8	1	1	14	86	C##6	6	502
112	112	168	168	1.0	0	0	3/8	2	1	1/4	1/4	1		8	68	G#4	4	507
112	112	168	168	0.5	0	0	3/8	1	1	1/8	1/8	1	-1	10	82	A#5	5	505
112	112	168	168	0.5	0	0	3/8	1	1	1/8	1/8	1	-1	14	86	C##6	6	505
112	112	337/2	337/2	1.0	1/8	1/8	3/8	1	1	1/4	1/4	1	1	5	83	B5	5	506
112	112	337/2	337/2	1.0	1/8	1/8	3/8	1	1	1/4	1/4	1	1	9	87	D#6	6	506
112	112	169	169	0.5	1/4	1/4	3/8	2	1	1/8	1/8	1		6	66	F#4	4	508
113	113	339/2	339/2	0.5	0	0	3/8	2	1	1/8	1/8	1		9	63	D#4	4	510
113	113	339/2	339/2	1.5	0	0	3/8	1	1	3/8	1/4	3/2	0	5	83	B5	5	509
113	113	339/2	339/2	1.5	0	0	3/8	1	1	3/8	1/4	3/2	0	9	87	D#6	6	509
113	113	170	170	0.5	1/8	1/8	3/8	2	1	1/8	1/8	1		5	59	B3	3	511
113	113	341/2	341/2	0.5	1/4	1/4	3/8	2	1	1/8	1/8	1		8	56	G#3	3	512
114	114	171	171	1.5	0	0	3/8	2	1	3/8	1/4	3/2	1	4	52	E3	3	516
114	114	171	171	0.5	0	0	3/8	1	1	1/8	1/8	1	-1	5	83	B5	5	513
114	114	171	171	0.5	0	0	3/8	1	1	1/8	1/8	1	-1	9	87	D#6	6	513
114	114	343/2	343/2	0.5	1/8	1/8	3/8	1	1	1/8	1/8	1		10	82	A#5	5	514
114	114	343/2	343/2	0.5	1/8	1/8	3/8	1	1	1/8	1/8	1		7	85	C#6	6	514
114	114	172	172	0.5	1/4	1/4	3/8	1	1	1/8	1/8	1		6	78	F#5	5	515
114	114	172	172	0.5	1/4	1/4	3/8	1	1	1/8	1/8	1		10	82	A#5	5	515
115	115	345/2	345/2	0.5	0	0	3/8	2	1	1/8	1/8	1	-1	4	52	E3	3	520
115	115	345/2	345/2	0.5	0	0	3/8	1	1	1/8	1/8	1		8	80	G#5	5	517
115	115	345/2	345/2	0.5	0	0	3/8	1	1	1/8	1/8	1		5	83	B5	5	517
115	115	173	173	0.5	1/8	1/8	3/8	2	1	1/8	1/8	1		5	71	B4	4	521
115	115	173	173	0.5	1/8	1/8	3/8	1	1	1/8	1/8	1		4	76	E5	5	518
115	115	173	173	0.5	1/8	1/8	3/8	1	1	1/8	1/8	1		8	80	G#5	5	518
115	115	347/2	347/2	0.5	1/4	1/4	3/8	2	1	1/8	1/8	1		8	68	G#4	4	522
115	115	347/2	347/2	0.5	1/4	1/4	3/8	1	1	1/8	1/8	1		6	78	F#5	5	519
115	115	347/2	347/2	0.5	1/4	1/4	3/8	1	1	1/8	1/8	1		10	82	A#5	5	519
116	116	174	174	0.5	0	0	3/8	2	1	1/8	1/8	1		10	70	A#4	4	526
116	116	174	174	0.5	0	0	3/8	1	1	1/8	1/8	1		9	75	D#5	5	523
116	116	174	174	0.5	0	0	3/8	1	1	1/8	1/8	1		6	78	F#5	5	523
116	116	349/2	349/2	0.5	1/8	1/8	3/8	2	1	1/8	1/8	1		6	66	F#4	4	527
116	116	349/2	349/2	0.5	1/8	1/8	3/8	1	1	1/8	1/8	1		4	76	E5	5	524
116	116	349/2	349/2	0.5	1/8	1/8	3/8	1	1	1/8	1/8	1		8	80	G#5	5	524
116	116	175	175	0.5	1/4	1/4	3/8	2	1	1/8	1/8	1		8	68	G#4	4	528
116	116	175	175	0.5	1/4	1/4	3/8	1	1	1/8	1/8	1		5	71	B4	4	525
116	116	175	175	0.5	1/4	1/4	3/8	1	1	1/8	1/8	1		9	75	D#5	5	525
117	117	351/2	351/2	0.5	0	0	3/8	2	1	1/8	1/8	1		4	64	E4	4	535
117	117	176	176	0.5	1/8	1/8	3/8	2	1	1/8	1/8	1		11	65	E#4	4	536
117	117	176	176	0.5	1/8	1/8	3/8	1	3	1/8	1/8	1		-2	70	Bb4	4	533
117	117	176	176	0.16666666666666666	1/8	1/8	3/8	1	1	1/24	1/16	2/3		2	74	D5	5	529
117	117	1057/6	1057/6	0.16666666666666666	1/6	1/6	3/8	1	1	1/24	1/16	2/3		4	76	E5	5	530
117	117	529/3	529/3	0.16666666666666666	5/24	5/24	3/8	1	1	1/24	1/16	2/3		2	74	D5	5	531
117	117	353/2	353/2	0.5	1/4	1/4	3/8	2	1	1/8	1/8	1		6	66	F#4	4	537
117	117	353/2	353/2	0.5	1/4	1/4	3/8	1	3	1/8	1/8	1		3	69	A4	4	534
117	117	353/2	353/2	0.5	1/4	1/4	3/8	1	1	1/8	1/8	1		7	73	C#5	5	532
118	118	177	177	0.5	0	0	3/8	1	1	1/8	1/8	1		2	74	D5	5	538
118	118	177	177	0.5	0	0	3/8	1	1	1/8	1/8	1		6	78	F#5	5	538
118	118	355/2	355/2	0.5	1/8	1/8	3/8	2	1	1/8	1/8	1		6	66	F#4	4	540
118	118	355/2	355/2	1.0	1/8	1/8	3/8	1	1	1/4	1/4	1	1	8	68	G#4	4	539
118	118	355/2	355/2	1.0	1/8	1/8	3/8	1	1	1/4	1/4	1	1	5	71	B4	4	539
118	118	178	178	0.5	1/4	1/4	3/8	2	1	1/8	1/8	1		9	63	D#4	4	541
119	119	357/2	357/2	0.5	0	0	3/8	2	1	1/8	1/8	1		5	59	B3	3	543
119	119	357/2	357/2	1.5	0	0	3/8	1	1	3/8	1/4	3/2	-1	8	68	G#4	4	542
119	119	357/2	357/2	1.5	0	0	3/8	1	1	3/8	1/4	3/2	0	5	71	B4	4	542
119	119	179	179	0.5	1/8	1/8	3/8	2	1	1/8	1/8	1		8	56	G#3	3	544
119	119	359/2	359/2	0.5	1/4	1/4	3/8	2	1	1/8	1/8	1		4	52	E3	3	545
120	120	180	180	1.5	0	0	3/8	2	1	3/8	1/4	3/2	1	7	49	C#3	3	549
120	120	180	180	0.5	0	0	3/8	1	1	1/8	1/8	1		8	68	G#4	4	546
120	120	180	180	0.5	0	0	3/8	1	1	1/8	1/8	1	-1	5	71	B4	4	546
120	120	361/2	361/2	0.5	1/8	1/8	3/8	1	1	1/8	1/8	1		3	69	A4	4	547
120	120	361/2	361/2	0.5	1/8	1/8	3/8	1	1	1/8	1/8	1		7	73	C#5	5	547
120	120	181	181	0.5	1/4	1/4	3/8	1	1	1/8	1/8	1		-1	65	F4	4	548
120	120	181	181	0.5	1/4	1/4	3/8	1	1	1/8	1/8	1		3	69	A4	4	548
121	121	363/2	363/2	0.5	0	0	3/8	2	1	1/8	1/8	1	-1	7	49	C#3	3	553
121	121	363/2	363/2	0.5	0	0	3/8	1	1	1/8	1/8	1		1	67	G4	4	550
121	121	363/2	363/2	0.5	0	0	3/8	1	1	1/8	1/8	1		5	71	B4	4	550
121	121	182	182	0.5	1/8	1/8	3/8	2	1	1/8	1/8	1		5	59	B3	3	554
121	121	182	182	0.5	1/8	1/8	3/8	1	1	1/8	1/8	1		4	64	E4	4	551
121	121	182	182	0.5	1/8	1/8	3/8	1	1	1/8	1/8	1		1	67	G4	4	551
121	121	365/2	365/2	0.5	1/4	1/4	3/8	2	1	1/8	1/8	1		1	55	G3	3	555
121	121	365/2	365/2	0.5	1/4	1/4	3/8	1	1	1/8	1/8	1		-1	65	F4	4	552
121	121	365/2	365/2	0.5	1/4	1/4	3/8	1	1	1/8	1/8	1		3	69	A4	4	552
122	122	183	183	0.5	0	0	3/8	2	1	1/8	1/8	1		3	57	A3	3	559
122	122	183	183	0.5	0	0	3/8	1	1	1/8	1/8	1		2	62	D4	4	556
122	122	183	183	0.5	0	0	3/8	1	1	1/8	1/8	1		-1	65	F4	4	556
122	122	367/2	367/2	0.5	1/8	1/8	3/8	2	1	1/8	1/8	1		-1	53	F3	3	560
122	122	367/2	367/2	0.5	1/8	1/8	3/8	1	1	1/8	1/8	1		-3	63	Eb4	4	557
122	122	367/2	367/2	0.5	1/8	1/8	3/8	1	1	1/8	1/8	1		1	67	G4	4	557
122	122	184	184	0.5	1/4	1/4	3/8	2	1	1/8	1/8	1		1	55	G3	3	561
122	122	184	184	0.5	1/4	1/4	3/8	1	1	1/8	1/8	1		-2	58	Bb3	3	558
122	122	184	184	0.5	1/4	1/4	3/8	1	1	1/8	1/8	1		2	62	D4	4	558
123	123	369/2	369/2	0.5	0	0	3/8	2	1	1/8	1/8	1		9	51	D#3	3	568
123	123	185	185	1.0	1/8	1/8	3/8	2	1	1/4	1/4	1		4	52	E3	3	569
123	123	185	185	0.5	1/8	1/8	3/8	1	3	1/8	1/8	1		3	57	A3	3	566
123	123	185	185	0.16666666666666666	1/8	1/8	3/8	1	1	1/24	1/16	2/3		7	61	C#4	4	562
123	123	1111/6	1111/6	0.16666666666666666	1/6	1/6	3/8	1	1	1/24	1/16	2/3		2	62	D4	4	563
123	123	556/3	556/3	0.16666666666666666	5/24	5/24	3/8	1	1	1/24	1/16	2/3		7	61	C#4	4	564
123	123	371/2	371/2	0.5	1/4	1/4	3/8	1	3	1/8	1/8	1		8	56	G#3	3	567
123	123	371/2	371/2	0.5	1/4	1/4	3/8	1	1	1/8	1/8	1		12	60	B#3	3	565
124	124	186	186	0.5	0	0	3/8	1	1	1/8	1/8	1		7	61	C#4	4	570
124	124	186	186	0.5	0	0	3/8	1	1	1/8	1/8	1		4	64	E4	4	570
124	124	373/2	373/2	0.16666666666666666	1/8	1/8	3/8	2	1	1/24	1/16	2/3		2	50	D3	3	572
124	124	373/2	373/2	1.0	1/8	1/8	3/8	1	1	1/4	1/4	1		6	54	F#3	3	571
124	124	373/2	373/2	1.0	1/8	1/8	3/8	1	1	1/4	1/4	1		10	58	A#3	3	571
124	124	560/3	560/3	0.16666666666666666	1/6	1/6	3/8	2	1	1/24	1/16	2/3		4	52	E3	3	573
124	124	1121/6	1121/6	0.16666666666666666	5/24	5/24	3/8	2	1	1/24	1/16	2/3		2	50	D3	3	574
124	124	187	187	0.5	1/4	1/4	3/8	2	1	1/8	1/8	1		7	49	C#3	3	575
125	125	375/2	375/2	0.5	0	0	3/8	2	1	1/8	1/8	1		4	52	E3	3	582
125	125	188	188	1.0	1/8	1/8	3/8	2	1	1/4	1/4	1		3	45	A2	2	583
125	125	188	188	0.5	1/8	1/8	3/8	1	3	1/8	1/8	1		-1	53	F3	3	580
125	125	188	188	0.16666666666666666	1/8	1/8	3/8	1	1	1/24	1/16	2/3		3	57	A3	3	576
125	125	1129/6	1129/6	0.16666666666666666	1/6	1/6	3/8	1	1	1/24	1/16	2/3		5	59	B3	3	577
125	125	565/3	565/3	0.16666666666666666	5/24	5/24	3/8	1	1	1/24	1/16	2/3		3	57	A3	3	578
125	125	377/2	377/2	0.5	1/4	1/4	3/8	1	3	1/8	1/8	1		4	52	E3	3	581
125	125	377/2	377/2	0.5	1/4	1/4	3/8	1	1	1/8	1/8	1		8	56	G#3	3	579
126	126	189	189	0.5	0	0	3/8	1	1	1/8	1/8	1		3	57	A3	3	584
126	126	189	189	0.5	0	0	3/8	1	1	1/8	1/8	1		7	61	C#4	4	584
126	126	379/2	379/2	0.16666666666666666	1/8	1/8	3/8	2	1	1/24	1/16	2/3		10	46	A#2	2	586
126	126	379/2	379/2	1.0	1/8	1/8	3/8	1	1	1/4	1/4	1	1	2	50	D3	3	585
126	126	379/2	379/2	1.0	1/8	1/8	3/8	1	1	1/4	1/4	1	1	6	54	F#3	3	585
126	126	569/3	569/3	0.16666666666666666	1/6	1/6	3/8	2	1	1/24	1/16	2/3		5	47	B2	2	587
126	126	1139/6	1139/6	0.16666666666666666	5/24	5/24	3/8	2	1	1/24	1/16	2/3		10	46	A#2	2	588
126	126	190	190	0.5	1/4	1/4	3/8	2	1	1/8	1/8	1		8	44	G#2	2	589
127	127	381/2	381/2	0.5	0	0	3/8	2	1	1/8	1/8	1		5	47	B2	2	593
127	127	381/2	381/2	0.5	0	0	3/8	1	1	1/8	1/8	1	-1	2	50	D3	3	590
127	127	381/2	381/2	0.5	0	0	3/8	1	1	1/8	1/8	1	-1	6	54	F#3	3	590
127	127	191	191	1.0	1/8	1/8	3/8	2	1	1/4	1/4	1	1	4	40	E2	2	594
127	127	191	191	0.5	1/8	1/8	3/8	1	1	1/8	1/8	1		2	50	D3	3	591
127	127	191	191	0.5	1/8	1/8	3/8	1	1	1/8	1/8	1		6	54	F#3	3	591
127	127	383/2	383/2	0.5	1/4	1/4	3/8	1	1	1/8	1/8	1		9	51	D#3	3	592
127	127	383/2	383/2	0.5	1/4	1/4	3/8	1	1	1/8	1/8	1		13	55	F##3	3	592
128	128	192	192	1.0	0	0	3/8	2	1	1/4	1/4	1	-1	4	40	E2	2	598
128	128	192	192	0.5	0	0	3/8	1	1	1/8	1/8	1		4	52	E3	3	595
128	128	192	192	0.5	0	0	3/8	1	1	1/8	1/8	1		8	56	G#3	3	595
128	128	385/2	385/2	0.5	1/8	1/8	3/8	1	1	1/8	1/8	1		9	51	D#3	3	596
128	128	385/2	385/2	0.5	1/8	1/8	3/8	1	1	1/8	1/8	1		13	55	F##3	3	596
128	128	193	193	0.5	1/4	1/4	3/8	2	1	1/8	1/8	1		2	38	D2	2	599
128	128	193	193	0.5	1/4	1/4	3/8	1	1	1/8	1/8	1		6	54	F#3	3	597
128	128	193	193	0.5	1/4	1/4	3/8	1	1	1/8	1/8	1		10	58	A#3	3	597
129	129	387/2	387/2	0.5	0	0	3/8	2	1	1/8	1/8	1		7	37	C#2	2	603
129	129	387/2	387/2	0.5	0	0	3/8	1	1	1/8	1/8	1		1	55	G3	3	600
129	129	387/2	387/2	0.5	0	0	3/8	1	1	1/8	1/8	1		5	59	B3	3	600
129	129	194	194	0.5	1/8	1/8	3/8	2	1	1/8	1/8	1		5	47	B2	2	604
129	129	194	194	0.5	1/8	1/8	3/8	1	1	1/8	1/8	1		2	50	D3	3	601
129	129	194	194	0.5	1/8	1/8	3/8	1	1	1/8	1/8	1		6	54	F#3	3	601
129	129	389/2	389/2	0.5	1/4	1/4	3/8	2	1	1/8	1/8	1		10	46	A#2	2	605
129	129	389/2	389/2	0.5	1/4	1/4	3/8	1	1	1/8	1/8	1		9	51	D#3	3	602
129	129	389/2	389/2	0.5	1/4	1/4	3/8	1	1	1/8	1/8	1		13	55	F##3	3	602
130	130	195	195	0.5	0	0	3/8	2	1	1/8	1/8	1		8	44	G#2	2	609
130	130	195	195	0.5	0	0	3/8	1	1	1/8	1/8	1		4	52	E3	3	606
130	130	195	195	0.5	0	0	3/8	1	1	1/8	1/8	1		8	56	G#3	3	606
130	130	391/2	391/2	0.5	1/8	1/8	3/8	2	1	1/8	1/8	1		11	41	E#2	2	610
130	130	391/2	391/2	0.5	1/8	1/8	3/8	1	1	1/8	1/8	1		9	51	D#3	3	607
130	130	391/2	391/2	0.5	1/8	1/8	3/8	1	1	1/8	1/8	1		13	55	F##3	3	607
130	130	196	196	0.5	1/4	1/4	3/8	2	1	1/8	1/8	1		2	38	D2	2	611
130	130	196	196	0.5	1/4	1/4	3/8	1	1	1/8	1/8	1		6	54	F#3	3	608
130	130	196	196	0.5	1/4	1/4	3/8	1	1	1/8	1/8	1		10	58	A#3	3	608
131	131	393/2	393/2	0.5	0	0	3/8	2	1	1/8	1/8	1		7	37	C#2	2	615
131	131	393/2	393/2	0.5	0	0	3/8	1	1	1/8	1/8	1		1	55	G3	3	612
131	131	393/2	393/2	0.5	0	0	3/8	1	1	1/8	1/8	1		5	59	B3	3	612
131	131	197	197	0.5	1/8	1/8	3/8	2	1	1/8	1/8	1		5	47	B2	2	616
131	131	197	197	0.5	1/8	1/8	3/8	1	1	1/8	1/8	1		2	50	D3	3	613
131	131	197	197	0.5	1/8	1/8	3/8	1	1	1/8	1/8	1		6	54	F#3	3	613
131	131	395/2	395/2	0.5	1/4	1/4	3/8	2	1	1/8	1/8	1		10	46	A#2	2	617
131	131	395/2	395/2	0.5	1/4	1/4	3/8	1	1	1/8	1/8	1		9	51	D#3	3	614
131	131	395/2	395/2	0.5	1/4	1/4	3/8	1	1	1/8	1/8	1		13	55	F##3	3	614
132	132	198	198	0.5	0	0	3/8	2	1	1/8	1/8	1		8	44	G#2	2	621
132	132	198	198	0.5	0	0	3/8	1	1	1/8	1/8	1		4	52	E3	3	618
132	132	198	198	0.5	0	0	3/8	1	1	1/8	1/8	1		8	56	G#3	3	618
132	132	397/2	397/2	0.5	1/8	1/8	3/8	2	1	1/8	1/8	1		11	41	E#2	2	622
132	132	397/2	397/2	0.5	1/8	1/8	3/8	1	1	1/8	1/8	1		9	51	D#3	3	619
132	132	397/2	397/2	0.5	1/8	1/8	3/8	1	1	1/8	1/8	1		13	55	F##3	3	619
132	132	199	199	0.5	1/4	1/4	3/8	2	1	1/8	1/8	1		2	38	D2	2	623
132	132	199	199	0.5	1/4	1/4	3/8	1	1	1/8	1/8	1		6	54	F#3	3	620
132	132	199	199	0.5	1/4	1/4	3/8	1	1	1/8	1/8	1		10	58	A#3	3	620
133	133	399/2	399/2	0.5	0	0	3/8	2	1	1/8	1/8	1		7	37	C#2	2	627
133	133	399/2	399/2	0.5	0	0	3/8	1	1	1/8	1/8	1		1	55	G3	3	624
133	133	399/2	399/2	0.5	0	0	3/8	1	1	1/8	1/8	1		5	59	B3	3	624
133	133	200	200	0.5	1/8	1/8	3/8	2	1	1/8	1/8	1		5	47	B2	2	628
133	133	200	200	0.5	1/8	1/8	3/8	1	1	1/8	1/8	1		2	50	D3	3	625
133	133	200	200	0.5	1/8	1/8	3/8	1	1	1/8	1/8	1		6	54	F#3	3	625
133	133	401/2	401/2	0.5	1/4	1/4	3/8	2	1	1/8	1/8	1		10	46	A#2	2	629
133	133	401/2	401/2	0.5	1/4	1/4	3/8	1	1	1/8	1/8	1		9	51	D#3	3	626
133	133	401/2	401/2	0.5	1/4	1/4	3/8	1	1	1/8	1/8	1		13	55	F##3	3	626
134	134	201	201	0.5	0	0	3/8	2	1	1/8	1/8	1		8	44	G#2	2	633
134	134	201	201	0.5	0	0	3/8	1	1	1/8	1/8	1		4	52	E3	3	630
134	134	201	201	0.5	0	0	3/8	1	1	1/8	1/8	1		8	56	G#3	3	630
134	134	403/2	403/2	0.5	1/8	1/8	3/8	2	1	1/8	1/8	1		11	41	E#2	2	634
134	134	403/2	403/2	0.5	1/8	1/8	3/8	1	1	1/8	1/8	1		9	51	D#3	3	631
134	134	403/2	403/2	0.5	1/8	1/8	3/8	1	1	1/8	1/8	1		13	55	F##3	3	631
134	134	202	202	0.5	1/4	1/4	3/8	2	1	1/8	1/8	1		2	38	D2	2	635
134	134	202	202	0.5	1/4	1/4	3/8	1	1	1/8	1/8	1		6	54	F#3	3	632
134	134	202	202	0.5	1/4	1/4	3/8	1	1	1/8	1/8	1		10	58	A#3	3	632
135	135	405/2	405/2	0.5	0	0	3/8	2	1	1/8	1/8	1		7	37	C#2	2	639
135	135	405/2	405/2	0.5	0	0	3/8	1	1	1/8	1/8	1		1	55	G3	3	636
135	135	405/2	405/2	0.5	0	0	3/8	1	1	1/8	1/8	1		5	59	B3	3	636
135	135	203	203	0.5	1/8	1/8	3/8	2	1	1/8	1/8	1		5	47	B2	2	640
135	135	203	203	0.5	1/8	1/8	3/8	1	1	1/8	1/8	1		2	50	D3	3	637
135	135	203	203	0.5	1/8	1/8	3/8	1	1	1/8	1/8	1		6	54	F#3	3	637
135	135	407/2	407/2	0.5	1/4	1/4	3/8	2	1	1/8	1/8	1		10	46	A#2	2	641
135	135	407/2	407/2	0.5	1/4	1/4	3/8	1	1	1/8	1/8	1		9	51	D#3	3	638
135	135	407/2	407/2	0.5	1/4	1/4	3/8	1	1	1/8	1/8	1		13	55	F##3	3	638
136	136	204	204	0.5	0	0	3/8	2	1	1/8	1/8	1		8	44	G#2	2	645
136	136	204	204	0.5	0	0	3/8	1	1	1/8	1/8	1		4	52	E3	3	642
136	136	204	204	0.5	0	0	3/8	1	1	1/8	1/8	1		8	56	G#3	3	642
136	136	409/2	409/2	0.5	1/8	1/8	3/8	2	1	1/8	1/8	1		11	41	E#2	2	646
136	136	409/2	409/2	0.5	1/8	1/8	3/8	1	1	1/8	1/8	1		9	51	D#3	3	643
136	136	409/2	409/2	0.5	1/8	1/8	3/8	1	1	1/8	1/8	1		13	55	F##3	3	643
136	136	205	205	0.5	1/4	1/4	3/8	2	1	1/8	1/8	1		2	38	D2	2	647
136	136	205	205	0.5	1/4	1/4	3/8	1	1	1/8	1/8	1		6	54	F#3	3	644
136	136	205	205	0.5	1/4	1/4	3/8	1	1	1/8	1/8	1		10	58	A#3	3	644
137	137	411/2	411/2	0.5	0	0	3/8	2	1	1/8	1/8	1		7	37	C#2	2	651
137	137	411/2	411/2	0.5	0	0	3/8	1	1	1/8	1/8	1		1	55	G3	3	648
137	137	411/2	411/2	0.5	0	0	3/8	1	1	1/8	1/8	1		5	59	B3	3	648
137	137	206	206	0.5	1/8	1/8	3/8	2	1	1/8	1/8	1		5	47	B2	2	652
137	137	206	206	0.5	1/8	1/8	3/8	1	1	1/8	1/8	1		2	50	D3	3	649
137	137	206	206	0.5	1/8	1/8	3/8	1	1	1/8	1/8	1		6	54	F#3	3	649
137	137	413/2	413/2	0.5	1/4	1/4	3/8	2	1	1/8	1/8	1		10	46	A#2	2	653
137	137	413/2	413/2	0.5	1/4	1/4	3/8	1	1	1/8	1/8	1		9	51	D#3	3	650
137	137	413/2	413/2	0.5	1/4	1/4	3/8	1	1	1/8	1/8	1		13	55	F##3	3	650
138	138	207	207	0.5	0	0	3/8	2	1	1/8	1/8	1		8	44	G#2	2	657
138	138	207	207	0.5	0	0	3/8	1	1	1/8	1/8	1		4	52	E3	3	654
138	138	207	207	0.5	0	0	3/8	1	1	1/8	1/8	1		8	56	G#3	3	654
138	138	415/2	415/2	0.5	1/8	1/8	3/8	2	1	1/8	1/8	1		11	41	E#2	2	658
138	138	415/2	415/2	0.5	1/8	1/8	3/8	1	1	1/8	1/8	1		9	51	D#3	3	655
138	138	415/2	415/2	0.5	1/8	1/8	3/8	1	1	1/8	1/8	1		13	55	F##3	3	655
138	138	208	208	0.5	1/4	1/4	3/8	2	1	1/8	1/8	1		2	38	D2	2	659
138	138	208	208	0.5	1/4	1/4	3/8	1	1	1/8	1/8	1		6	54	F#3	3	656
138	138	208	208	0.5	1/4	1/4	3/8	1	1	1/8	1/8	1		10	58	A#3	3	656
139	139	417/2	417/2	0.5	0	0	3/8	2	1	1/8	1/8	1		7	37	C#2	2	663
139	139	417/2	417/2	0.5	0	0	3/8	1	1	1/8	1/8	1		1	55	G3	3	660
139	139	417/2	417/2	0.5	0	0	3/8	1	1	1/8	1/8	1		5	59	B3	3	660
139	139	209	209	0.5	1/8	1/8	3/8	2	1	1/8	1/8	1		5	47	B2	2	664
139	139	209	209	0.5	1/8	1/8	3/8	1	1	1/8	1/8	1		2	50	D3	3	661
139	139	209	209	0.5	1/8	1/8	3/8	1	1	1/8	1/8	1		6	54	F#3	3	661
139	139	419/2	419/2	0.5	1/4	1/4	3/8	2	1	1/8	1/8	1		10	46	A#2	2	665
139	139	419/2	419/2	0.5	1/4	1/4	3/8	1	1	1/8	1/8	1		9	51	D#3	3	662
139	139	419/2	419/2	0.5	1/4	1/4	3/8	1	1	1/8	1/8	1		13	55	F##3	3	662
140	140	210	210	0.5	0	0	3/8	2	1	1/8	1/8	1		8	44	G#2	2	669
140	140	210	210	0.5	0	0	3/8	1	1	1/8	1/8	1		4	52	E3	3	666
140	140	210	210	0.5	0	0	3/8	1	1	1/8	1/8	1		8	56	G#3	3	666
140	140	421/2	421/2	0.5	1/8	1/8	3/8	2	1	1/8	1/8	1		11	41	E#2	2	670
140	140	421/2	421/2	0.5	1/8	1/8	3/8	1	1	1/8	1/8	1		9	51	D#3	3	667
140	140	421/2	421/2	0.5	1/8	1/8	3/8	1	1	1/8	1/8	1		13	55	F##3	3	667
140	140	211	211	0.5	1/4	1/4	3/8	2	1	1/8	1/8	1		2	38	D2	2	671
140	140	211	211	0.5	1/4	1/4	3/8	1	1	1/8	1/8	1		6	54	F#3	3	668
140	140	211	211	0.5	1/4	1/4	3/8	1	1	1/8	1/8	1		10	58	A#3	3	668
141	141	423/2	423/2	0.5	0	0	3/8	2	1	1/8	1/8	1		7	37	C#2	2	675
141	141	423/2	423/2	0.5	0	0	3/8	1	1	1/8	1/8	1		1	55	G3	3	672
141	141	423/2	423/2	0.5	0	0	3/8	1	1	1/8	1/8	1		5	59	B3	3	672
141	141	212	212	0.5	1/8	1/8	3/8	2	1	1/8	1/8	1		5	47	B2	2	676
141	141	212	212	0.5	1/8	1/8	3/8	1	1	1/8	1/8	1		2	50	D3	3	673
141	141	212	212	0.5	1/8	1/8	3/8	1	1	1/8	1/8	1		6	54	F#3	3	673
141	141	425/2	425/2	0.5	1/4	1/4	3/8	2	1	1/8	1/8	1		10	46	A#2	2	677
141	141	425/2	425/2	0.5	1/4	1/4	3/8	1	1	1/8	1/8	1		9	51	D#3	3	674
141	141	425/2	425/2	0.5	1/4	1/4	3/8	1	1	1/8	1/8	1		13	55	F##3	3	674
142	142	213	213	0.5	0	0	3/8	2	1	1/8	1/8	1		8	44	G#2	2	681
142	142	213	213	0.5	0	0	3/8	1	1	1/8	1/8	1		4	52	E3	3	678
142	142	213	213	0.5	0	0	3/8	1	1	1/8	1/8	1		8	56	G#3	3	678
142	142	427/2	427/2	0.5	1/8	1/8	3/8	2	1	1/8	1/8	1		11	41	E#2	2	682
142	142	427/2	427/2	0.5	1/8	1/8	3/8	1	1	1/8	1/8	1		9	51	D#3	3	679
142	142	427/2	427/2	0.5	1/8	1/8	3/8	1	1	1/8	1/8	1		13	55	F##3	3	679
142	142	214	214	0.5	1/4	1/4	3/8	2	1	1/8	1/8	1		2	38	D2	2	683
142	142	214	214	0.5	1/4	1/4	3/8	1	1	1/8	1/8	1		6	54	F#3	3	680
142	142	214	214	0.5	1/4	1/4	3/8	1	1	1/8	1/8	1		10	58	A#3	3	680
143	143	429/2	429/2	0.5	0	0	3/8	2	1	1/8	1/8	1		7	37	C#2	2	685
143	143	429/2	429/2	0.5	0	0	3/8	1	1	1/8	1/8	1		1	55	G3	3	684
143	143	429/2	429/2	0.5	0	0	3/8	1	1	1/8	1/8	1		5	59	B3	3	684
143	143	215	215	0.5	1/8	1/8	3/8	2	1	1/8	1/8	1		5	47	B2	2	686
143	143	431/2	431/2	0.5	1/4	1/4	3/8	2	1	1/8	1/8	1		10	46	A#2	2	687
144	144	216	216	0.5	0	0	3/8	2	1	1/8	1/8	1		8	44	G#2	2	688
144	144	433/2	433/2	0.5	1/8	1/8	3/8	2	1	1/8	1/8	1		11	41	E#2	2	689
144	144	217	217	0.5	1/4	1/4	3/8	2	1	1/8	1/8	1		2	38	D2	2	690
145	145	435/2	435/2	0.5	0	0	3/8	2	1	1/8	1/8	1		7	37	C#2	2	691
145	145	218	218	0.5	1/8	1/8	3/8	2	1	1/8	1/8	1		3	45	A2	2	692
145	145	437/2	437/2	0.5	1/4	1/4	3/8	2	1	1/8	1/8	1		8	44	G#2	2	693
146	146	219	219	0.5	0	0	3/8	2	1	1/8	1/8	1		6	42	F#2	2	694
146	146	439/2	439/2	0.5	1/8	1/8	3/8	2	1	1/8	1/8	1		9	39	D#2	2	695
146	146	220	220	0.5	1/4	1/4	3/8	2	1	1/8	1/8	1		7	37	C#2	2	696
147	147	441/2	441/2	0.5	0	0	3/8	2	1	1/8	1/8	1		0	36	C2	2	697
147	147	221	221	0.5	1/8	1/8	3/8	2	1	1/8	1/8	1		1	43	G2	2	698
147	147	443/2	443/2	0.5	1/4	1/4	3/8	2	1	1/8	1/8	1		-4	44	Ab2	2	699
148	148	222	222	0.5	0	0	3/8	2	1	1/8	1/8	1		-6	42	Gb2	2	700
148	148	445/2	445/2	0.5	1/8	1/8	3/8	2	1	1/8	1/8	1		-3	39	Eb2	2	701
148	148	223	223	0.5	1/4	1/4	3/8	2	1	1/8	1/8	1		-5	37	Db2	2	702
149	149	447/2	447/2	0.5	0	0	3/8	2	1	1/8	1/8	1		5	35	B1	1	703
149	149	224	224	0.5	1/8	1/8	3/8	2	1	1/8	1/8	1		6	42	F#2	2	704
149	149	449/2	449/2	0.5	1/4	1/4	3/8	2	1	1/8	1/8	1		9	39	D#2	2	705
150	150	225	225	0.5	0	0	3/8	2	1	1/8	1/8	1		2	38	D2	2	706
150	150	451/2	451/2	0.5	1/8	1/8	3/8	2	1	1/8	1/8	1		0	36	C2	2	707
150	150	226	226	0.5	1/4	1/4	3/8	2	1	1/8	1/8	1		5	35	B1	1	708
151	151	453/2	453/2	0.16666666666666666	0	0	3/8	2	1	1/24	1/16	2/3		10	34	A#1	1	709
151	151	680/3	680/3	0.16666666666666666	1/24	1/24	3/8	2	1	1/24	1/16	2/3		7	37	C#2	2	710
151	151	1361/6	1361/6	0.16666666666666666	1/12	1/12	3/8	2	1	1/24	1/16	2/3		4	40	E2	2	711
151	151	227	227	0.5	1/8	1/8	3/8	2	1	1/8	1/8	1		8	44	G#2	2	712
152	152	228	228	0.16666666666666666	0	0	3/8	1	1	1/24	1/16	2/3		5	59	B3	3	713
152	152	1369/6	1369/6	0.16666666666666666	1/24	1/24	3/8	1	1	1/24	1/16	2/3		1	55	G3	3	714
152	152	685/3	685/3	0.16666666666666666	1/12	1/12	3/8	1	1	1/24	1/16	2/3		4	52	E3	3	715
152	152	457/2	457/2	0.5	1/8	1/8	3/8	1	1	1/8	1/8	1		0	48	C3	3	716
153	153	459/2	459/2	0.16666666666666666	0	0	3/8	2	1	1/24	1/16	2/3		9	39	D#2	2	717
153	153	689/3	689/3	0.16666666666666666	1/24	1/24	3/8	2	1	1/24	1/16	2/3		6	42	F#2	2	718
153	153	1379/6	1379/6	0.16666666666666666	1/12	1/12	3/8	2	1	1/24	1/16	2/3		3	45	A2	2	719
153	153	230	230	0.5	1/8	1/8	3/8	2	1	1/8	1/8	1		7	49	C#3	3	720
154	154	231	231	0.16666666666666666	0	0	3/8	1	1	1/24	1/16	2/3		6	66	F#4	4	721
154	154	1387/6	1387/6	0.16666666666666666	1/24	1/24	3/8	1	1	1/24	1/16	2/3		2	62	D4	4	722
154	154	694/3	694/3	0.16666666666666666	1/12	1/12	3/8	1	1	1/24	1/16	2/3		5	59	B3	3	723
154	154	463/2	463/2	0.5	1/8	1/8	3/8	1	1	1/8	1/8	1		1	55	G3	3	724
155	155	465/2	465/2	0.16666666666666666	0	0	3/8	2	1	1/24	1/16	2/3		-2	46	Bb2	2	725
155	155	698/3	698/3	0.16666666666666666	1/24	1/24	3/8	2	1	1/24	1/16	2/3		2	50	D3	3	726
155	155	1397/6	1397/6	0.16666666666666666	1/12	1/12	3/8	2	1	1/24	1/16	2/3		-1	53	F3	3	727
155	155	233	233	0.5	1/8	1/8	3/8	2	1	1/8	1/8	1		3	57	A3	3	728
156	156	234	234	0.16666666666666666	0	0	3/8	1	1	1/24	1/16	2/3		-5	73	Db5	5	729
156	156	1405/6	1405/6	0.16666666666666666	1/24	1/24	3/8	1	1	1/24	1/16	2/3		-2	70	Bb4	4	730
156	156	703/3	703/3	0.16666666666666666	1/12	1/12	3/8	1	1	1/24	1/16	2/3		-6	66	Gb4	4	731
156	156	469/2	469/2	0.5	1/8	1/8	3/8	1	1	1/8	1/8	1		-3	63	Eb4	4	732
157	157	471/2	471/2	0.16666666666666666	0	0	3/8	2	1	1/24	1/16	2/3		2	50	D3	3	733
157	157	707/3	707/3	0.16666666666666666	1/24	1/24	3/8	2	1	1/24	1/16	2/3		-1	53	F3	3	734
157	157	1415/6	1415/6	0.16666666666666666	1/12	1/12	3/8	2	1	1/24	1/16	2/3		3	57	A3	3	735
157	157	236	236	0.5	1/8	1/8	3/8	2	1	1/8	1/8	1		7	61	C#4	4	736
158	158	237	237	0.16666666666666666	0	0	3/8	1	1	1/24	1/16	2/3		6	78	F#5	5	737
158	158	1423/6	1423/6	0.16666666666666666	1/24	1/24	3/8	1	1	1/24	1/16	2/3		2	74	D5	5	738
158	158	712/3	712/3	0.16666666666666666	1/12	1/12	3/8	1	1	1/24	1/16	2/3		5	71	B4	4	739
158	158	475/2	475/2	0.5	1/8	1/8	3/8	1	1	1/8	1/8	1		1	67	G4	4	740
159	159	477/2	477/2	0.16666666666666666	0	0	3/8	2	1	1/24	1/16	2/3		-1	53	F3	3	745
159	159	716/3	716/3	0.16666666666666666	1/24	1/24	3/8	2	1	1/24	1/16	2/3		-4	56	Ab3	3	746
159	159	1433/6	1433/6	0.16666666666666666	1/12	1/12	3/8	2	1	1/24	1/16	2/3		-7	59	Cb4	4	747
159	159	239	239	0.5	1/8	1/8	3/8	2	1	1/8	1/8	1		-3	63	Eb4	4	748
159	159	239	239	0.25	1/8	1/8	3/8	1	1	1/16	1/16	1		1	67	G4	4	741
159	159	957/4	957/4	0.25	3/16	3/16	3/8	1	1	1/16	1/16	1		4	64	E4	4	742
159	159	479/2	479/2	0.25	1/4	1/4	3/8	1	1	1/16	1/16	1		0	60	C4	4	743
159	159	959/4	959/4	0.25	5/16	5/16	3/8	1	1	1/16	1/16	1		3	57	A3	3	744
160	160	240	240	0.16666666666666666	0	0	3/8	2	1	1/24	1/16	2/3		-2	58	Bb3	3	753
160	160	1441/6	1441/6	0.16666666666666666	1/24	1/24	3/8	2	1	1/24	1/16	2/3		-5	61	Db4	4	754
160	160	721/3	721/3	0.16666666666666666	1/12	1/12	3/8	2	1	1/24	1/16	2/3		-1	65	F4	4	755
160	160	481/2	481/2	0.5	1/8	1/8	3/8	2	1	1/8	1/8	1		3	69	A4	4	756
160	160	481/2	481/2	0.25	1/8	1/8	3/8	1	1	1/16	1/16	1		0	72	C5	5	749
160	160	963/4	963/4	0.25	3/16	3/16	3/8	1	1	1/16	1/16	1		-4	68	Ab4	4	750
160	160	241	241	0.25	1/4	1/4	3/8	1	1	1/16	1/16	1		-1	65	F4	4	751
160	160	965/4	965/4	0.25	5/16	5/16	3/8	1	1	1/16	1/16	1		2	62	D4	4	752
161	161	483/2	483/2	0.16666666666666666	0	0	3/8	2	1	1/24	1/16	2/3		0	60	C4	4	761
161	161	725/3	725/3	0.16666666666666666	1/24	1/24	3/8	2	1	1/24	1/16	2/3		4	64	E4	4	762
161	161	1451/6	1451/6	0.16666666666666666	1/12	1/12	3/8	2	1	1/24	1/16	2/3		1	67	G4	4	763
161	161	242	242	0.5	1/8	1/8	3/8	2	1	1/8	1/8	1		-2	70	Bb4	4	764
161	161	242	242	0.25	1/8	1/8	3/8	1	1	1/16	1/16	1		7	73	C#5	5	757
161	161	969/4	969/4	0.25	3/16	3/16	3/8	1	1	1/16	1/16	1		3	69	A4	4	758
161	161	485/2	485/2	0.25	1/4	1/4	3/8	1	1	1/16	1/16	1		6	66	F#4	4	759
161	161	971/4	971/4	0.25	5/16	5/16	3/8	1	1	1/16	1/16	1		9	63	D#4	4	760
162	162	243	243	0.16666666666666666	0	0	3/8	2	1	1/24	1/16	2/3		4	64	E4	4	769
162	162	1459/6	1459/6	0.16666666666666666	1/24	1/24	3/8	2	1	1/24	1/16	2/3		1	67	G4	4	770
162	162	730/3	730/3	0.16666666666666666	1/12	1/12	3/8	2	1	1/24	1/16	2/3		5	71	B4	4	771
162	162	487/2	487/2	0.5	1/8	1/8	3/8	2	1	1/8	1/8	1		2	74	D5	5	772
162	162	487/2	487/2	0.25	1/8	1/8	3/8	1	1	1/16	1/16	1		-1	77	F5	5	765
162	162	975/4	975/4	0.25	3/16	3/16	3/8	1	1	1/16	1/16	1		-5	73	Db5	5	766
162	162	244	244	0.25	1/4	1/4	3/8	1	1	1/16	1/16	1		-2	70	Bb4	4	767
162	162	977/4	977/4	0.25	5/16	5/16	3/8	1	1	1/16	1/16	1		-6	66	Gb4	4	768
163	163	489/2	489/2	0.16666666666666666	0	0	3/8	2	1	1/24	1/16	2/3		1	67	G4	4	777
163	163	734/3	734/3	0.16666666666666666	1/24	1/24	3/8	2	1	1/24	1/16	2/3		5	71	B4	4	778
163	163	1469/6	1469/6	0.16666666666666666	1/12	1/12	3/8	2	1	1/24	1/16	2/3		2	74	D5	5	779
163	163	245	245	0.5	1/8	1/8	3/8	2	1	1/8	1/8	1		-1	77	F5	5	780
163	163	245	245	0.25	1/8	1/8	3/8	1	1	1/16	1/16	1		3	81	A5	5	773
163	163	981/4	981/4	0.25	3/16	3/16	3/8	1	1	1/16	1/16	1		6	78	F#5	5	774
163	163	491/2	491/2	0.25	1/4	1/4	3/8	1	1	1/16	1/16	1		9	75	D#5	5	775
163	163	983/4	983/4	0.25	5/16	5/16	3/8	1	1	1/16	1/16	1		5	71	B4	4	776
164	164	246	246	0.16666666666666666	0	0	3/8	2	1	1/24	1/16	2/3		10	70	A#4	4	785
164	164	1477/6	1477/6	0.16666666666666666	1/24	1/24	3/8	2	1	1/24	1/16	2/3		7	73	C#5	5	786
164	164	739/3	739/3	0.16666666666666666	1/12	1/12	3/8	2	1	1/24	1/16	2/3		4	76	E5	5	787
164	164	493/2	493/2	0.5	1/8	1/8	3/8	2	1	1/8	1/8	1		8	80	G#5	5	788
164	164	493/2	493/2	0.25	1/8	1/8	3/8	1	1	1/16	1/16	1		7	85	C#6	6	781
164	164	987/4	987/4	0.25	3/16	3/16	3/8	1	1	1/16	1/16	1		8	80	G#5	5	782
164	164	247	247	0.25	1/4	1/4	3/8	1	1	1/16	1/16	1		-1	77	F5	5	783
164	164	989/4	989/4	0.25	5/16	5/16	3/8	1	1	1/16	1/16	1		2	74	D5	5	784
165	165	495/2	495/2	0.16666666666666666	0	0	3/8	2	1	1/24	1/16	2/3		1	67	G4	4	793
165	165	743/3	743/3	0.16666666666666666	1/24	1/24	3/8	2	1	1/24	1/16	2/3		5	71	B4	4	794
165	165	1487/6	1487/6	0.16666666666666666	1/12	1/12	3/8	2	1	1/24	1/16	2/3		2	74	D5	5	795
165	165	248	248	0.5	1/8	1/8	3/8	2	1	1/8	1/8	1		-1	77	F5	5	796
165	165	248	248	0.25	1/8	1/8	3/8	1	1	1/16	1/16	1		3	81	A5	5	789
165	165	993/4	993/4	0.25	3/16	3/16	3/8	1	1	1/16	1/16	1		6	78	F#5	5	790
165	165	497/2	497/2	0.25	1/4	1/4	3/8	1	1	1/16	1/16	1		9	75	D#5	5	791
165	165	995/4	995/4	0.25	5/16	5/16	3/8	1	1	1/16	1/16	1		5	71	B4	4	792
166	166	249	249	0.16666666666666666	0	0	3/8	2	1	1/24	1/16	2/3		10	70	A#4	4	801
166	166	1495/6	1495/6	0.16666666666666666	1/24	1/24	3/8	2	1	1/24	1/16	2/3		7	73	C#5	5	802
166	166	748/3	748/3	0.16666666666666666	1/12	1/12	3/8	2	1	1/24	1/16	2/3		4	76	E5	5	803
166	166	499/2	499/2	0.5	1/8	1/8	3/8	2	1	1/8	1/8	1		8	80	G#5	5	804
166	166	499/2	499/2	0.25	1/8	1/8	3/8	1	1	1/16	1/16	1		7	85	C#6	6	797
166	166	999/4	999/4	0.25	3/16	3/16	3/8	1	1	1/16	1/16	1		8	80	G#5	5	798
166	166	250	250	0.25	1/4	1/4	3/8	1	1	1/16	1/16	1		-1	77	F5	5	799
166	166	1001/4	1001/4	0.25	5/16	5/16	3/8	1	1	1/16	1/16	1		2	74	D5	5	800
167	167	501/2	501/2	0.16666666666666666	0	0	3/8	2	1	1/24	1/16	2/3		1	55	G3	3	809
167	167	752/3	752/3	0.16666666666666666	1/24	1/24	3/8	2	1	1/24	1/16	2/3		5	59	B3	3	810
167	167	1505/6	1505/6	0.16666666666666666	1/12	1/12	3/8	2	1	1/24	1/16	2/3		2	62	D4	4	811
167	167	251	251	0.5	1/8	1/8	3/8	2	1	1/8	1/8	1		-1	65	F4	4	812
167	167	251	251	0.25	1/8	1/8	3/8	1	1	1/16	1/16	1		3	69	A4	4	805
167	167	1005/4	1005/4	0.25	3/16	3/16	3/8	1	1	1/16	1/16	1		6	66	F#4	4	806
167	167	503/2	503/2	0.25	1/4	1/4	3/8	1	1	1/16	1/16	1		9	63	D#4	4	807
167	167	1007/4	1007/4	0.25	5/16	5/16	3/8	1	1	1/16	1/16	1		5	59	B3	3	808
168	168	252	252	0.16666666666666666	0	0	3/8	2	1	1/24	1/16	2/3		8	56	G#3	3	817
168	168	1513/6	1513/6	0.16666666666666666	1/24	1/24	3/8	2	1	1/24	1/16	2/3		5	59	B3	3	818
168	168	757/3	757/3	0.16666666666666666	1/12	1/12	3/8	2	1	1/24	1/16	2/3		2	62	D4	4	819
168	168	505/2	505/2	0.5	1/8	1/8	3/8	2	1	1/8	1/8	1		6	66	F#4	4	820
168	168	505/2	505/2	0.25	1/8	1/8	3/8	1	1	1/16	1/16	1		5	71	B4	4	813
168	168	1011/4	1011/4	0.25	3/16	3/16	3/8	1	1	1/16	1/16	1		1	67	G4	4	814
168	168	253	253	0.25	1/4	1/4	3/8	1	1	1/16	1/16	1		4	64	E4	4	815
168	168	1013/4	1013/4	0.25	5/16	5/16	3/8	1	1	1/16	1/16	1		7	61	C#4	4	816
169	169	507/2	507/2	0.16666666666666666	0	0	3/8	2	1	1/24	1/16	2/3		5	59	B3	3	825
169	169	761/3	761/3	0.16666666666666666	1/24	1/24	3/8	2	1	1/24	1/16	2/3		7	61	C#4	4	826
169	169	1523/6	1523/6	0.16666666666666666	1/12	1/12	3/8	2	1	1/24	1/16	2/3		6	66	F#4	4	827
169	169	254	254	0.5	1/8	1/8	3/8	2	1	1/8	1/8	1		8	68	G#4	4	828
169	169	254	254	0.25	1/8	1/8	3/8	1	1	1/16	1/16	1		7	73	C#5	5	821
169	169	1017/4	1017/4	0.25	3/16	3/16	3/8	1	1	1/16	1/16	1		3	69	A4	4	822
169	169	509/2	509/2	0.25	1/4	1/4	3/8	1	1	1/16	1/16	1		-1	65	F4	4	823
169	169	1019/4	1019/4	0.25	5/16	5/16	3/8	1	1	1/16	1/16	1		-3	63	Eb4	4	824
170	170	255	255	0.16666666666666666	0	0	3/8	2	1	1/24	1/16	2/3		4	64	E4	4	833
170	170	1531/6	1531/6	0.16666666666666666	1/24	1/24	3/8	2	1	1/24	1/16	2/3		1	67	G4	4	834
170	170	766/3	766/3	0.16666666666666666	1/12	1/12	3/8	2	1	1/24	1/16	2/3		5	71	B4	4	835
170	170	511/2	511/2	0.5	1/8	1/8	3/8	2	1	1/8	1/8	1		7	73	C#5	5	836
170	170	511/2	511/2	0.25	1/8	1/8	3/8	1	1	1/16	1/16	1		1	79	G5	5	829
170	170	1023/4	1023/4	0.25	3/16	3/16	3/8	1	1	1/16	1/16	1		4	76	E5	5	830
170	170	256	256	0.25	1/4	1/4	3/8	1	1	1/16	1/16	1		0	72	C5	5	831
170	170	1025/4	1025/4	0.25	5/16	5/16	3/8	1	1	1/16	1/16	1		-2	70	Bb4	4	832
171	171	513/2	513/2	0.14285714285714285	0	0	3/8	2	1	1/28	1/16	4/7		3	69	A4	4	837
171	171	3593/14	3593/14	0.14285714285714285	1/28	1/28	3/8	2	1	1/28	1/16	4/7		7	73	C#5	5	838
171	171	3595/14	3595/14	0.14285714285714285	1/14	1/14	3/8	2	1	1/28	1/16	4/7		4	76	E5	5	839
171	171	3597/14	3597/14	0.14285714285714285	3/28	3/28	3/8	2	1	1/28	1/16	4/7		8	80	G#5	5	840
171	171	3599/14	3599/14	0.14285714285714285	1/7	1/7	3/8	2	1	1/28	1/16	4/7		3	81	A5	5	841
171	171	3601/14	3601/14	0.14285714285714285	5/28	5/28	3/8	2	1	1/28	1/16	4/7		7	85	C#6	6	842
171	171	3603/14	3603/14	0.14285714285714285	3/14	3/14	3/8	2	1	1/28	1/16	4/7		4	88	E6	6	843
172	172	258	258	0.5	0	0	3/8	1	1	1/8	1/8	1		8	92	G#6	6	844
172	172	517/2	517/2	0.5	1/8	1/8	3/8	1	1	1/8	1/8	1		8	92	G#6	6	845
172	172	259	259	0.5	1/4	1/4	3/8	1	1	1/8	1/8	1		8	92	G#6	6	846
173	173	519/2	519/2	0.5	0	0	3/8	1	1	1/8	1/8	1		8	92	G#6	6	847
173	173	260	260	0.5	1/8	1/8	3/8	1	1	1/8	1/8	1		8	92	G#6	6	848
173	173	521/2	521/2	0.5	1/4	1/4	3/8	1	1	1/8	1/8	1		8	92	G#6	6	849
174	174	261	261	0.5	0	0	3/8	1	1	1/8	1/8	1		8	92	G#6	6	850
174	174	523/2	523/2	0.5	1/8	1/8	3/8	1	1	1/8	1/8	1		8	92	G#6	6	851
174	174	262	262	0.5	1/4	1/4	3/8	1	1	1/8	1/8	1		8	92	G#6	6	852
175	175	525/2	525/2	0.5	0	0	3/8	1	1	1/8	1/8	1		8	92	G#6	6	853
175	175	263	263	0.5	1/8	1/8	3/8	1	1	1/8	1/8	1		8	92	G#6	6	854
175	175	527/2	527/2	0.5	1/4	1/4	3/8	1	1	1/8	1/8	1		8	92	G#6	6	855
176	176	264	264	0.5	0	0	3/8	1	1	1/8	1/8	1		8	92	G#6	6	856
176	176	529/2	529/2	0.5	1/8	1/8	3/8	1	1	1/8	1/8	1		3	93	A6	6	857
176	176	265	265	0.5	1/4	1/4	3/8	1	1	1/8	1/8	1		1	91	G6	6	858
177	177	531/2	531/2	0.5	0	0	3/8	1	1	1/8	1/8	1		10	82	A#5	5	859
177	177	266	266	0.5	1/8	1/8	3/8	1	1	1/8	1/8	1		6	90	F#6	6	860
177	177	533/2	533/2	0.5	1/4	1/4	3/8	1	1	1/8	1/8	1		5	83	B5	5	861
178	178	267	267	0.5	0	0	3/8	1	1	1/8	1/8	1		-1	89	F6	6	862
178	178	535/2	535/2	0.5	1/8	1/8	3/8	1	1	1/8	1/8	1		0	84	C6	6	863
178	178	268	268	0.5	1/4	1/4	3/8	1	1	1/8	1/8	1		-3	87	Eb6	6	864
179	179	537/2	537/2	0.5	0	0	3/8	2	1	1/8	1/8	1		2	62	D4	4	869
179	179	537/2	537/2	0.16666666666666666	0	0	3/8	1	1	1/24	1/16	2/3		2	74	D5	5	865
179	179	806/3	806/3	0.16666666666666666	1/24	1/24	3/8	1	1	1/24	1/16	2/3		6	78	F#5	5	866
179	179	1613/6	1613/6	0.16666666666666666	1/12	1/12	3/8	1	1	1/24	1/16	2/3		3	81	A5	5	867
179	179	269	269	0.5	1/8	1/8	3/8	2	1	1/8	1/8	1		6	66	F#4	4	870
179	179	269	269	0.5	1/8	1/8	3/8	2	1	1/8	1/8	1		3	69	A4	4	870
179	179	269	269	1.0	1/8	1/8	3/8	1	1	1/4	1/4	1	1	7	85	C#6	6	868
179	179	539/2	539/2	0.5	1/4	1/4	3/8	2	1	1/8	1/8	1		6	66	F#4	4	871
179	179	539/2	539/2	0.5	1/4	1/4	3/8	2	1	1/8	1/8	1		3	69	A4	4	871
180	180	270	270	0.5	0	0	3/8	2	1	1/8	1/8	1		-2	58	Bb3	3	873
180	180	270	270	1.5	0	0	3/8	1	1	3/8	1/4	3/2	0	7	85	C#6	6	872
180	180	541/2	541/2	0.5	1/8	1/8	3/8	2	1	1/8	1/8	1		2	62	D4	4	874
180	180	541/2	541/2	0.5	1/8	1/8	3/8	2	1	1/8	1/8	1		8	68	G#4	4	874
180	180	271	271	0.5	1/4	1/4	3/8	2	1	1/8	1/8	1		2	62	D4	4	875
180	180	271	271	0.5	1/4	1/4	3/8	2	1	1/8	1/8	1		8	68	G#4	4	875
181	181	543/2	543/2	0.5	0	0	3/8	2	1	1/8	1/8	1		5	59	B3	3	877
181	181	543/2	543/2	1.5	0	0	3/8	1	1	3/8	1/4	3/2	0	7	85	C#6	6	876
181	181	272	272	0.5	1/8	1/8	3/8	2	1	1/8	1/8	1		-3	63	Eb4	4	878
181	181	272	272	0.5	1/8	1/8	3/8	2	1	1/8	1/8	1		1	67	G4	4	878
181	181	545/2	545/2	0.5	1/4	1/4	3/8	2	1	1/8	1/8	1		-3	63	Eb4	4	879
181	181	545/2	545/2	0.5	1/4	1/4	3/8	2	1	1/8	1/8	1		1	67	G4	4	879
182	182	273	273	0.5	0	0	3/8	2	1	1/8	1/8	1		8	56	G#3	3	881
182	182	273	273	1.5	0	0	3/8	1	1	3/8	1/4	3/2	-1	7	85	C#6	6	880
182	182	547/2	547/2	0.5	1/8	1/8	3/8	2	1	1/8	1/8	1		2	62	D4	4	882
182	182	547/2	547/2	0.5	1/8	1/8	3/8	2	1	1/8	1/8	1		6	66	F#4	4	882
182	182	274	274	0.5	1/4	1/4	3/8	2	1	1/8	1/8	1		2	62	D4	4	883
182	182	274	274	0.5	1/4	1/4	3/8	2	1	1/8	1/8	1		6	66	F#4	4	883
183	183	549/2	549/2	0.5	0	0	3/8	2	1	1/8	1/8	1		3	57	A3	3	888
183	183	549/2	549/2	0.16666666666666666	0	0	3/8	1	1	1/24	1/16	2/3		2	74	D5	5	884
183	183	824/3	824/3	0.16666666666666666	1/24	1/24	3/8	1	1	1/24	1/16	2/3		6	78	F#5	5	885
183	183	1649/6	1649/6	0.16666666666666666	1/12	1/12	3/8	1	1	1/24	1/16	2/3		3	81	A5	5	886
183	183	275	275	0.5	1/8	1/8	3/8	2	1	1/8	1/8	1		7	61	C#4	4	889
183	183	275	275	0.5	1/8	1/8	3/8	2	1	1/8	1/8	1		-1	65	F4	4	889
183	183	275	275	1.0	1/8	1/8	3/8	1	1	1/4	1/4	1	1	7	85	C#6	6	887
183	183	551/2	551/2	0.5	1/4	1/4	3/8	2	1	1/8	1/8	1		7	61	C#4	4	890
183	183	551/2	551/2	0.5	1/4	1/4	3/8	2	1	1/8	1/8	1		-1	65	F4	4	890
184	184	276	276	0.5	0	0	3/8	2	1	1/8	1/8	1		6	54	F#3	3	892
184	184	276	276	1.5	0	0	3/8	1	1	3/8	1/4	3/2	0	7	85	C#6	6	891
184	184	553/2	553/2	0.5	1/8	1/8	3/8	2	1	1/8	1/8	1		5	59	B3	3	893
184	184	553/2	553/2	0.5	1/8	1/8	3/8	2	1	1/8	1/8	1		9	63	D#4	4	893
184	184	277	277	0.5	1/4	1/4	3/8	2	1	1/8	1/8	1		5	59	B3	3	894
184	184	277	277	0.5	1/4	1/4	3/8	2	1	1/8	1/8	1		9	63	D#4	4	894
185	185	555/2	555/2	0.5	0	0	3/8	2	1	1/8	1/8	1		1	55	G3	3	896
185	185	555/2	555/2	1.5	0	0	3/8	1	1	3/8	1/4	3/2	0	7	85	C#6	6	895
185	185	278	278	0.5	1/8	1/8	3/8	2	1	1/8	1/8	1		-2	58	Bb3	3	897
185	185	278	278	0.5	1/8	1/8	3/8	2	1	1/8	1/8	1		2	62	D4	4	897
185	185	557/2	557/2	0.5	1/4	1/4	3/8	2	1	1/8	1/8	1		-2	58	Bb3	3	898
185	185	557/2	557/2	0.5	1/4	1/4	3/8	2	1	1/8	1/8	1		2	62	D4	4	898
186	186	279	279	0.5	0	0	3/8	2	1	1/8	1/8	1		-3	51	Eb3	3	900
186	186	279	279	1.5	0	0	3/8	1	1	3/8	1/4	3/2	-1	7	85	C#6	6	899
186	186	559/2	559/2	0.5	1/8	1/8	3/8	2	1	1/8	1/8	1		1	55	G3	3	901
186	186	559/2	559/2	0.5	1/8	1/8	3/8	2	1	1/8	1/8	1		0	60	C4	4	901
186	186	280	280	0.5	1/4	1/4	3/8	2	1	1/8	1/8	1		1	55	G3	3	902
186	186	280	280	0.5	1/4	1/4	3/8	2	1	1/8	1/8	1		0	60	C4	4	902
187	187	561/2	561/2	0.5	0	0	3/8	2	1	1/8	1/8	1		4	52	E3	3	907
187	187	561/2	561/2	0.16666666666666666	0	0	3/8	1	1	1/24	1/16	2/3		2	74	D5	5	903
187	187	842/3	842/3	0.16666666666666666	1/24	1/24	3/8	1	1	1/24	1/16	2/3		6	78	F#5	5	904
187	187	1685/6	1685/6	0.16666666666666666	1/12	1/12	3/8	1	1	1/24	1/16	2/3		3	81	A5	5	905
187	187	281	281	0.5	1/8	1/8	3/8	2	1	1/8	1/8	1		8	56	G#3	3	908
187	187	281	281	0.5	1/8	1/8	3/8	2	1	1/8	1/8	1		5	59	B3	3	908
187	187	281	281	1.0	1/8	1/8	3/8	1	1	1/4	1/4	1	1	7	85	C#6	6	906
187	187	563/2	563/2	0.5	1/4	1/4	3/8	2	1	1/8	1/8	1		8	56	G#3	3	909
187	187	563/2	563/2	0.5	1/4	1/4	3/8	2	1	1/8	1/8	1		5	59	B3	3	909
188	188	282	282	0.5	0	0	3/8	2	1	1/8	1/8	1		5	47	B2	2	911
188	188	282	282	1.5	0	0	3/8	1	1	3/8	1/4	3/2	-1	7	85	C#6	6	910
188	188	565/2	565/2	0.5	1/8	1/8	3/8	2	1	1/8	1/8	1		1	55	G3	3	912
188	188	565/2	565/2	0.5	1/8	1/8	3/8	2	1	1/8	1/8	1		10	58	A#3	3	912
188	188	283	283	0.5	1/4	1/4	3/8	2	1	1/8	1/8	1		1	55	G3	3	913
188	188	283	283	0.5	1/4	1/4	3/8	2	1	1/8	1/8	1		10	58	A#3	3	913
189	189	567/2	567/2	0.5	0	0	3/8	2	1	1/8	1/8	1		0	48	C3	3	918
189	189	567/2	567/2	0.16666666666666666	0	0	3/8	1	1	1/24	1/16	2/3		2	74	D5	5	914
189	189	851/3	851/3	0.16666666666666666	1/24	1/24	3/8	1	1	1/24	1/16	2/3		6	78	F#5	5	915
189	189	1703/6	1703/6	0.16666666666666666	1/12	1/12	3/8	1	1	1/24	1/16	2/3		3	81	A5	5	916
189	189	284	284	0.5	1/8	1/8	3/8	2	1	1/8	1/8	1		6	54	F#3	3	919
189	189	284	284	0.5	1/8	1/8	3/8	2	1	1/8	1/8	1		3	57	A3	3	919
189	189	284	284	1.0	1/8	1/8	3/8	1	1	1/4	1/4	1	1	7	85	C#6	6	917
189	189	569/2	569/2	0.5	1/4	1/4	3/8	2	1	1/8	1/8	1		6	54	F#3	3	920
189	189	569/2	569/2	0.5	1/4	1/4	3/8	2	1	1/8	1/8	1		3	57	A3	3	920
190	190	285	285	0.5	0	0	3/8	2	1	1/8	1/8	1		3	45	A2	2	922
190	190	285	285	1.5	0	0	3/8	1	1	3/8	1/4	3/2	-1	7	85	C#6	6	921
190	190	571/2	571/2	0.5	1/8	1/8	3/8	2	1	1/8	1/8	1		-3	51	Eb3	3	923
190	190	571/2	571/2	0.5	1/8	1/8	3/8	2	1	1/8	1/8	1		1	55	G3	3	923
190	190	286	286	0.5	1/4	1/4	3/8	2	1	1/8	1/8	1		-3	51	Eb3	3	924
190	190	286	286	0.5	1/4	1/4	3/8	2	1	1/8	1/8	1		1	55	G3	3	924
191	191	573/2	573/2	0.5	0	0	3/8	2	1	1/8	1/8	1		10	46	A#2	2	929
191	191	573/2	573/2	0.16666666666666666	0	0	3/8	1	1	1/24	1/16	2/3		2	74	D5	5	925
191	191	860/3	860/3	0.16666666666666666	1/24	1/24	3/8	1	1	1/24	1/16	2/3		6	78	F#5	5	926
191	191	1721/6	1721/6	0.16666666666666666	1/12	1/12	3/8	1	1	1/24	1/16	2/3		3	81	A5	5	927
191	191	287	287	0.5	1/8	1/8	3/8	2	1	1/8	1/8	1		4	52	E3	3	930
191	191	287	287	0.5	1/8	1/8	3/8	2	1	1/8	1/8	1		6	54	F#3	3	930
191	191	287	287	1.0	1/8	1/8	3/8	1	1	1/4	1/4	1	1	7	85	C#6	6	928
191	191	575/2	575/2	0.5	1/4	1/4	3/8	2	1	1/8	1/8	1		4	52	E3	3	931
191	191	575/2	575/2	0.5	1/4	1/4	3/8	2	1	1/8	1/8	1		6	54	F#3	3	931
192	192	288	288	0.5	0	0	3/8	2	1	1/8	1/8	1		6	42	F#2	2	933
192	192	288	288	1.5	0	0	3/8	1	1	3/8	1/4	3/2	-1	7	85	C#6	6	932
192	192	577/2	577/2	0.5	1/8	1/8	3/8	2	1	1/8	1/8	1		3	45	A2	2	934
192	192	577/2	577/2	0.5	1/8	1/8	3/8	2	1	1/8	1/8	1		-3	51	Eb3	3	934
192	192	289	289	0.5	1/4	1/4	3/8	2	1	1/8	1/8	1		3	45	A2	2	935
192	192	289	289	0.5	1/4	1/4	3/8	2	1	1/8	1/8	1		-3	51	Eb3	3	935
193	193	579/2	579/2	0.5	0	0	3/8	2	1	1/8	1/8	1		1	43	G2	2	940
193	193	579/2	579/2	0.16666666666666666	0	0	3/8	1	1	1/24	1/16	2/3		2	74	D5	5	936
193	193	869/3	869/3	0.16666666666666666	1/24	1/24	3/8	1	1	1/24	1/16	2/3		6	78	F#5	5	937
193	193	1739/6	1739/6	0.16666666666666666	1/12	1/12	3/8	1	1	1/24	1/16	2/3		3	81	A5	5	938
193	193	290	290	0.5	1/8	1/8	3/8	2	1	1/8	1/8	1		5	47	B2	2	941
193	193	290	290	0.5	1/8	1/8	3/8	2	1	1/8	1/8	1		2	50	D3	3	941
193	193	290	290	1.0	1/8	1/8	3/8	1	1	1/4	1/4	1	1	7	85	C#6	6	939
193	193	581/2	581/2	0.5	1/4	1/4	3/8	2	1	1/8	1/8	1		5	47	B2	2	942
193	193	581/2	581/2	0.5	1/4	1/4	3/8	2	1	1/8	1/8	1		2	50	D3	3	942
194	194	291	291	0.5	0	0	3/8	2	1	1/8	1/8	1		-3	39	Eb2	2	944
194	194	291	291	1.5	0	0	3/8	1	1	3/8	1/4	3/2	-1	7	85	C#6	6	943
194	194	583/2	583/2	0.5	1/8	1/8	3/8	2	1	1/8	1/8	1		1	43	G2	2	945
194	194	583/2	583/2	0.5	1/8	1/8	3/8	2	1	1/8	1/8	1		0	48	C3	3	945
194	194	292	292	0.5	1/4	1/4	3/8	2	1	1/8	1/8	1		1	43	G2	2	946
194	194	292	292	0.5	1/4	1/4	3/8	2	1	1/8	1/8	1		0	48	C3	3	946
195	195	585/2	585/2	0.16666666666666666	0	0	3/8	1	1	1/24	1/16	2/3		2	74	D5	5	947
195	195	878/3	878/3	0.16666666666666666	1/24	1/24	3/8	1	1	1/24	1/16	2/3		6	78	F#5	5	948
195	195	1757/6	1757/6	0.16666666666666666	1/12	1/12	3/8	1	1	1/24	1/16	2/3		3	81	A5	5	949
195	195	293	293	1.0	1/8	1/8	3/8	1	1	1/4	1/4	1		7	85	C#6	6	950
196	196	294	294	0.5	0	0	3/8	2	1	1/8	1/8	1		0	36	C2	2	951
196	196	589/2	589/2	0.5	1/8	1/8	3/8	2	1	1/8	1/8	1		4	40	E2	2	952
196	196	589/2	589/2	0.5	1/8	1/8	3/8	2	1	1/8	1/8	1		5	47	B2	2	952
196	196	295	295	0.5	1/4	1/4	3/8	2	1	1/8	1/8	1		4	40	E2	2	953
196	196	295	295	0.5	1/4	1/4	3/8	2	1	1/8	1/8	1		5	47	B2	2	953
197	197	591/2	591/2	0.5	0	0	3/8	2	1	1/8	1/8	1		7	37	C#2	2	954
197	197	296	296	0.5	1/8	1/8	3/8	2	1	1/8	1/8	1		-1	41	F2	2	955
197	197	296	296	0.5	1/8	1/8	3/8	2	1	1/8	1/8	1		-2	46	Bb2	2	955
197	197	593/2	593/2	0.5	1/4	1/4	3/8	2	1	1/8	1/8	1		-1	41	F2	2	956
197	197	593/2	593/2	0.5	1/4	1/4	3/8	2	1	1/8	1/8	1		-2	46	Bb2	2	956
198	198	297	297	0.16666666666666666	0	0	3/8	1	1	1/24	1/16	2/3		2	74	D5	5	957
198	198	1783/6	1783/6	0.16666666666666666	1/24	1/24	3/8	1	1	1/24	1/16	2/3		6	78	F#5	5	958
198	198	892/3	892/3	0.16666666666666666	1/12	1/12	3/8	1	1	1/24	1/16	2/3		3	81	A5	5	959
198	198	595/2	595/2	0.5	1/8	1/8	3/8	1	1	1/8	1/8	1		7	85	C#6	6	960
199	199	597/2	597/2	0.5	0	0	3/8	2	1	1/8	1/8	1		2	38	D2	2	961
199	199	299	299	0.5	1/8	1/8	3/8	2	1	1/8	1/8	1		-1	41	F2	2	962
199	199	299	299	0.5	1/8	1/8	3/8	2	1	1/8	1/8	1		3	45	A2	2	962
199	199	599/2	599/2	0.5	1/4	1/4	3/8	2	1	1/8	1/8	1		-1	41	F2	2	963
199	199	599/2	599/2	0.5	1/4	1/4	3/8	2	1	1/8	1/8	1		3	45	A2	2	963
200	200	300	300	0.5	0	0	3/8	2	1	1/8	1/8	1		-2	34	Bb1	1	964
200	200	601/2	601/2	0.5	1/8	1/8	3/8	2	1	1/8	1/8	1		6	42	F#2	2	965
200	200	601/2	601/2	0.5	1/8	1/8	3/8	2	1	1/8	1/8	1		8	44	G#2	2	965
200	200	301	301	0.5	1/4	1/4	3/8	2	1	1/8	1/8	1		6	42	F#2	2	966
200	200	301	301	0.5	1/4	1/4	3/8	2	1	1/8	1/8	1		8	44	G#2	2	966
201	201	603/2	603/2	0.16666666666666666	0	0	3/8	1	1	1/24	1/16	2/3		2	74	D5	5	967
201	201	905/3	905/3	0.16666666666666666	1/24	1/24	3/8	1	1	1/24	1/16	2/3		6	78	F#5	5	968
201	201	1811/6	1811/6	0.16666666666666666	1/12	1/12	3/8	1	1	1/24	1/16	2/3		3	81	A5	5	969
201	201	302	302	0.5	1/8	1/8	3/8	1	1	1/8	1/8	1		7	85	C#6	6	970
202	202	303	303	0.5	0	0	3/8	2	1	1/8	1/8	1		2	38	D2	2	971
202	202	607/2	607/2	0.5	1/8	1/8	3/8	2	1	1/8	1/8	1		-1	41	F2	2	972
202	202	607/2	607/2	0.5	1/8	1/8	3/8	2	1	1/8	1/8	1		3	45	A2	2	972
202	202	304	304	0.5	1/4	1/4	3/8	2	1	1/8	1/8	1		-1	41	F2	2	973
202	202	304	304	0.5	1/4	1/4	3/8	2	1	1/8	1/8	1		3	45	A2	2	973
203	203	609/2	609/2	0.5	0	0	3/8	2	1	1/8	1/8	1		-2	34	Bb1	1	974
203	203	305	305	0.5	1/8	1/8	3/8	2	1	1/8	1/8	1		6	42	F#2	2	975
203	203	305	305	0.5	1/8	1/8	3/8	2	1	1/8	1/8	1		8	44	G#2	2	975
203	203	611/2	611/2	0.5	1/4	1/4	3/8	2	1	1/8	1/8	1		6	42	F#2	2	976
203	203	611/2	611/2	0.5	1/4	1/4	3/8	2	1	1/8	1/8	1		8	44	G#2	2	976
204	204	306	306	0.16666666666666666	0	0	3/8	1	1	1/24	1/16	2/3		2	62	D4	4	977
204	204	1837/6	1837/6	0.16666666666666666	1/24	1/24	3/8	1	1	1/24	1/16	2/3		6	66	F#4	4	978
204	204	919/3	919/3	0.16666666666666666	1/12	1/12	3/8	1	1	1/24	1/16	2/3		3	69	A4	4	979
204	204	613/2	613/2	0.5	1/8	1/8	3/8	1	1	1/8	1/8	1		7	73	C#5	5	980
205	205	615/2	615/2	0.5	0	0	3/8	2	1	1/8	1/8	1		2	38	D2	2	981
205	205	308	308	0.5	1/8	1/8	3/8	2	1	1/8	1/8	1		-1	41	F2	2	982
205	205	308	308	0.5	1/8	1/8	3/8	2	1	1/8	1/8	1		3	45	A2	2	982
205	205	617/2	617/2	0.5	1/4	1/4	3/8	2	1	1/8	1/8	1		-1	41	F2	2	983
205	205	617/2	617/2	0.5	1/4	1/4	3/8	2	1	1/8	1/8	1		3	45	A2	2	983
207	207	621/2	621/2	0.5	0	0	3/8	2	1	1/8	1/8	1		-2	34	Bb1	1	984
207	207	311	311	0.5	1/8	1/8	3/8	2	1	1/8	1/8	1		6	42	F#2	2	985
207	207	311	311	0.5	1/8	1/8	3/8	2	1	1/8	1/8	1		8	44	G#2	2	985
207	207	623/2	623/2	0.5	1/4	1/4	3/8	2	1	1/8	1/8	1		6	42	F#2	2	986
207	207	623/2	623/2	0.5	1/4	1/4	3/8	2	1	1/8	1/8	1		8	44	G#2	2	986
210	210	315	315	0.125	0	0	3/8	2	1	1/32	1/32	1		2	50	D3	3	987
210	210	2521/8	2521/8	0.125	1/32	1/32	3/8	2	1	1/32	1/32	1		6	54	F#3	3	988
210	210	1261/4	1261/4	0.125	1/16	1/16	3/8	2	1	1/32	1/32	1		3	57	A3	3	989
210	210	2523/8	2523/8	0.125	3/32	3/32	3/8	2	1	1/32	1/32	1		7	61	C#4	4	990
210	210	631/2	631/2	0.125	1/8	1/8	3/8	2	1	1/32	1/32	1		2	62	D4	4	991
210	210	2525/8	2525/8	0.125	5/32	5/32	3/8	2	1	1/32	1/32	1		6	66	F#4	4	992
210	210	1263/4	1263/4	0.125	3/16	3/16	3/8	2	1	1/32	1/32	1		3	69	A4	4	993
210	210	2527/8	2527/8	0.125	7/32	7/32	3/8	2	1	1/32	1/32	1		7	73	C#5	5	994
210	210	316	316	0.07142857142857142	1/4	1/4	3/8	2	1	1/56	1/32	4/7		2	74	D5	5	995
210	210	4425/14	4425/14	0.07142857142857142	15/56	15/56	3/8	2	1	1/56	1/32	4/7		6	78	F#5	5	996
210	210	2213/7	2213/7	0.07142857142857142	2/7	2/7	3/8	2	1	1/56	1/32	4/7		3	81	A5	5	997
210	210	4427/14	4427/14	0.07142857142857142	17/56	17/56	3/8	2	1	1/56	1/32	4/7		7	85	C#6	6	998
210	210	2214/7	2214/7	0.07142857142857142	9/28	9/28	3/8	2	1	1/56	1/32	4/7		2	86	D6	6	999
210	210	4429/14	4429/14	0.07142857142857142	19/56	19/56	3/8	2	1	1/56	1/32	4/7		6	90	F#6	6	1000
210	210	2215/7	2215/7	0.07142857142857142	5/14	5/14	3/8	2	1	1/56	1/32	4/7		3	93	A6	6	1001
211	211	633/2	633/2	0.5	0	0	3/8	1	1	1/8	1/8	1		7	85	C#6	6	1002
211	211	317	317	0.5	1/8	1/8	3/8	1	1	1/8	1/8	1		7	85	C#6	6	1003
211	211	635/2	635/2	0.5	1/4	1/4	3/8	1	1	1/8	1/8	1		7	85	C#6	6	1004
212	212	318	318	0.5	0	0	3/8	1	1	1/8	1/8	1		7	85	C#6	6	1005
212	212	637/2	637/2	0.5	1/8	1/8	3/8	1	1	1/8	1/8	1		7	85	C#6	6	1006
212	212	319	319	0.5	1/4	1/4	3/8	1	1	1/8	1/8	1		7	85	C#6	6	1007
213	213	639/2	639/2	0.5	0	0	3/8	1	1	1/8	1/8	1		7	85	C#6	6	1008
213	213	320	320	0.5	1/8	1/8	3/8	1	1	1/8	1/8	1		7	85	C#6	6	1009
213	213	641/2	641/2	0.5	1/4	1/4	3/8	1	1	1/8	1/8	1		7	85	C#6	6	1010
214	214	321	321	1.5	0	0	3/8	2	1	3/8	1/4	3/2		7	85	C#6	6	1011
215	215	645/2	645/2	1.5	0	0	3/8	1	1	3/8	1/4	3/2		5	83	B5	5	1012
216	216	324	324	1.5	0	0	3/8	2	1	3/8	1/4	3/2		-1	65	F4	4	1013
217	217	651/2	651/2	1.5	0	0	3/8	1	1	3/8	1/4	3/2		-2	46	Bb2	2	1014
218	218	327	327	1.5	0	0	3/8	2	1	3/8	1/4	3/2		2	26	D1	1	1015
